crop_id,crop_name,year,month,modal_price_per_qtl,seasonal_index
SOYBEAN,Soybean,2020,1,5442,1.143
SOYBEAN,Soybean,2020,2,5018,1.054
SOYBEAN,Soybean,2020,3,4852,1.019
SOYBEAN,Soybean,2020,4,4679,0.982
SOYBEAN,Soybean,2020,5,4042,0.849
SOYBEAN,Soybean,2020,6,3948,0.829
SOYBEAN,Soybean,2020,7,4412,0.926
SOYBEAN,Soybean,2020,8,4514,0.948
SOYBEAN,Soybean,2020,9,4590,0.964
SOYBEAN,Soybean,2020,10,5190,1.09
SOYBEAN,Soybean,2020,11,5187,1.089
SOYBEAN,Soybean,2020,12,5279,1.108
SOYBEAN,Soybean,2021,1,5590,1.178
SOYBEAN,Soybean,2021,2,4752,1.002
SOYBEAN,Soybean,2021,3,4466,0.942
SOYBEAN,Soybean,2021,4,4394,0.926
SOYBEAN,Soybean,2021,5,4038,0.851
SOYBEAN,Soybean,2021,6,4220,0.89
SOYBEAN,Soybean,2021,7,4060,0.856
SOYBEAN,Soybean,2021,8,4202,0.886
SOYBEAN,Soybean,2021,9,5246,1.106
SOYBEAN,Soybean,2021,10,5195,1.095
SOYBEAN,Soybean,2021,11,5542,1.168
SOYBEAN,Soybean,2021,12,5221,1.101
SOYBEAN,Soybean,2022,1,5579,1.111
SOYBEAN,Soybean,2022,2,5487,1.092
SOYBEAN,Soybean,2022,3,4784,0.952
SOYBEAN,Soybean,2022,4,4784,0.952
SOYBEAN,Soybean,2022,5,4284,0.853
SOYBEAN,Soybean,2022,6,4252,0.846
SOYBEAN,Soybean,2022,7,4284,0.853
SOYBEAN,Soybean,2022,8,5130,1.021
SOYBEAN,Soybean,2022,9,5073,1.01
SOYBEAN,Soybean,2022,10,5168,1.029
SOYBEAN,Soybean,2022,11,5971,1.189
SOYBEAN,Soybean,2022,12,5481,1.091
SOYBEAN,Soybean,2023,1,6010,1.162
SOYBEAN,Soybean,2023,2,5104,0.987
SOYBEAN,Soybean,2023,3,4914,0.95
SOYBEAN,Soybean,2023,4,4917,0.951
SOYBEAN,Soybean,2023,5,4749,0.918
SOYBEAN,Soybean,2023,6,4513,0.872
SOYBEAN,Soybean,2023,7,4554,0.88
SOYBEAN,Soybean,2023,8,4796,0.927
SOYBEAN,Soybean,2023,9,4875,0.942
SOYBEAN,Soybean,2023,10,5455,1.055
SOYBEAN,Soybean,2023,11,5811,1.123
SOYBEAN,Soybean,2023,12,6374,1.232
SOYBEAN,Soybean,2024,1,6266,1.147
SOYBEAN,Soybean,2024,2,5344,0.978
SOYBEAN,Soybean,2024,3,5540,1.014
SOYBEAN,Soybean,2024,4,4946,0.905
SOYBEAN,Soybean,2024,5,4583,0.839
SOYBEAN,Soybean,2024,6,4776,0.874
SOYBEAN,Soybean,2024,7,4988,0.913
SOYBEAN,Soybean,2024,8,5278,0.966
SOYBEAN,Soybean,2024,9,5223,0.956
SOYBEAN,Soybean,2024,10,5770,1.056
SOYBEAN,Soybean,2024,11,6262,1.146
SOYBEAN,Soybean,2024,12,6576,1.204
SOYBEAN,Soybean,2025,1,6220,1.095
SOYBEAN,Soybean,2025,2,6007,1.058
SOYBEAN,Soybean,2025,3,5328,0.938
SOYBEAN,Soybean,2025,4,4905,0.864
SOYBEAN,Soybean,2025,5,5107,0.899
SOYBEAN,Soybean,2025,6,5119,0.902
SOYBEAN,Soybean,2025,7,4890,0.861
SOYBEAN,Soybean,2025,8,5479,0.965
SOYBEAN,Soybean,2025,9,5742,1.011
SOYBEAN,Soybean,2025,10,5867,1.033
SOYBEAN,Soybean,2025,11,6488,1.143
SOYBEAN,Soybean,2025,12,6985,1.23
SOYBEAN,Soybean,2026,1,6573,1.132
SOYBEAN,Soybean,2026,2,6755,1.164
SOYBEAN,Soybean,2026,3,5065,0.872
SOYBEAN,Soybean,2026,4,5612,0.967
SOYBEAN,Soybean,2026,5,5093,0.877
SOYBEAN,Soybean,2026,6,4880,0.841
SOYBEAN,Soybean,2026,7,5094,0.877
SOYBEAN,Soybean,2026,8,4855,0.836
SOYBEAN,Soybean,2026,9,5764,0.993
SOYBEAN,Soybean,2026,10,6377,1.098
SOYBEAN,Soybean,2026,11,7072,1.218
SOYBEAN,Soybean,2026,12,6529,1.124
MAIZE,Maize,2020,1,2277,1.095
MAIZE,Maize,2020,2,2201,1.059
MAIZE,Maize,2020,3,2196,1.057
MAIZE,Maize,2020,4,1974,0.95
MAIZE,Maize,2020,5,1779,0.856
MAIZE,Maize,2020,6,1831,0.881
MAIZE,Maize,2020,7,1836,0.883
MAIZE,Maize,2020,8,2037,0.98
MAIZE,Maize,2020,9,2026,0.975
MAIZE,Maize,2020,10,2221,1.068
MAIZE,Maize,2020,11,2326,1.119
MAIZE,Maize,2020,12,2238,1.077
MAIZE,Maize,2021,1,2504,1.145
MAIZE,Maize,2021,2,2378,1.087
MAIZE,Maize,2021,3,2185,0.999
MAIZE,Maize,2021,4,1997,0.913
MAIZE,Maize,2021,5,1766,0.807
MAIZE,Maize,2021,6,1817,0.831
MAIZE,Maize,2021,7,1868,0.854
MAIZE,Maize,2021,8,1939,0.886
MAIZE,Maize,2021,9,2166,0.99
MAIZE,Maize,2021,10,2395,1.095
MAIZE,Maize,2021,11,2700,1.235
MAIZE,Maize,2021,12,2534,1.158
MAIZE,Maize,2022,1,2596,1.138
MAIZE,Maize,2022,2,2429,1.065
MAIZE,Maize,2022,3,2050,0.899
MAIZE,Maize,2022,4,2095,0.918
MAIZE,Maize,2022,5,1979,0.868
MAIZE,Maize,2022,6,2165,0.949
MAIZE,Maize,2022,7,1954,0.857
MAIZE,Maize,2022,8,2130,0.934
MAIZE,Maize,2022,9,2264,0.993
MAIZE,Maize,2022,10,2296,1.006
MAIZE,Maize,2022,11,2709,1.188
MAIZE,Maize,2022,12,2706,1.186
MAIZE,Maize,2023,1,2763,1.18
MAIZE,Maize,2023,2,2413,1.031
MAIZE,Maize,2023,3,2517,1.075
MAIZE,Maize,2023,4,2023,0.864
MAIZE,Maize,2023,5,2107,0.9
MAIZE,Maize,2023,6,2218,0.947
MAIZE,Maize,2023,7,1945,0.831
MAIZE,Maize,2023,8,2114,0.903
MAIZE,Maize,2023,9,2364,1.01
MAIZE,Maize,2023,10,2465,1.053
MAIZE,Maize,2023,11,2451,1.047
MAIZE,Maize,2023,12,2714,1.159
MAIZE,Maize,2024,1,2606,1.077
MAIZE,Maize,2024,2,2681,1.108
MAIZE,Maize,2024,3,2324,0.96
MAIZE,Maize,2024,4,2428,1.003
MAIZE,Maize,2024,5,2037,0.841
MAIZE,Maize,2024,6,2037,0.842
MAIZE,Maize,2024,7,2206,0.911
MAIZE,Maize,2024,8,2115,0.874
MAIZE,Maize,2024,9,2464,1.018
MAIZE,Maize,2024,10,2790,1.153
MAIZE,Maize,2024,11,2531,1.046
MAIZE,Maize,2024,12,2827,1.168
MAIZE,Maize,2025,1,2884,1.149
MAIZE,Maize,2025,2,2815,1.122
MAIZE,Maize,2025,3,2364,0.942
MAIZE,Maize,2025,4,2177,0.868
MAIZE,Maize,2025,5,2250,0.897
MAIZE,Maize,2025,6,2174,0.866
MAIZE,Maize,2025,7,2220,0.885
MAIZE,Maize,2025,8,2371,0.945
MAIZE,Maize,2025,9,2434,0.97
MAIZE,Maize,2025,10,2740,1.092
MAIZE,Maize,2025,11,2889,1.151
MAIZE,Maize,2025,12,2794,1.114
MAIZE,Maize,2026,1,3217,1.202
MAIZE,Maize,2026,2,2866,1.071
MAIZE,Maize,2026,3,2449,0.915
MAIZE,Maize,2026,4,2488,0.93
MAIZE,Maize,2026,5,2155,0.805
MAIZE,Maize,2026,6,2301,0.86
MAIZE,Maize,2026,7,2397,0.896
MAIZE,Maize,2026,8,2310,0.863
MAIZE,Maize,2026,9,2729,1.02
MAIZE,Maize,2026,10,2857,1.068
MAIZE,Maize,2026,11,3063,1.145
MAIZE,Maize,2026,12,3279,1.225
JOWAR,Jowar,2020,1,3571,1.103
JOWAR,Jowar,2020,2,3310,1.022
JOWAR,Jowar,2020,3,3058,0.944
JOWAR,Jowar,2020,4,2839,0.877
JOWAR,Jowar,2020,5,2774,0.856
JOWAR,Jowar,2020,6,2766,0.854
JOWAR,Jowar,2020,7,2823,0.872
JOWAR,Jowar,2020,8,3082,0.952
JOWAR,Jowar,2020,9,3202,0.989
JOWAR,Jowar,2020,10,3690,1.139
JOWAR,Jowar,2020,11,3568,1.102
JOWAR,Jowar,2020,12,4181,1.291
JOWAR,Jowar,2021,1,3878,1.175
JOWAR,Jowar,2021,2,3424,1.038
JOWAR,Jowar,2021,3,3150,0.955
JOWAR,Jowar,2021,4,3153,0.956
JOWAR,Jowar,2021,5,2863,0.868
JOWAR,Jowar,2021,6,2930,0.888
JOWAR,Jowar,2021,7,2964,0.898
JOWAR,Jowar,2021,8,3067,0.93
JOWAR,Jowar,2021,9,3187,0.966
JOWAR,Jowar,2021,10,3307,1.002
JOWAR,Jowar,2021,11,3676,1.114
JOWAR,Jowar,2021,12,3991,1.21
JOWAR,Jowar,2022,1,3947,1.136
JOWAR,Jowar,2022,2,3484,1.003
JOWAR,Jowar,2022,3,3486,1.004
JOWAR,Jowar,2022,4,3258,0.938
JOWAR,Jowar,2022,5,2874,0.828
JOWAR,Jowar,2022,6,2960,0.852
JOWAR,Jowar,2022,7,3016,0.868
JOWAR,Jowar,2022,8,3014,0.868
JOWAR,Jowar,2022,9,3518,1.013
JOWAR,Jowar,2022,10,3819,1.1
JOWAR,Jowar,2022,11,4116,1.185
JOWAR,Jowar,2022,12,4184,1.205
JOWAR,Jowar,2023,1,3771,1.027
JOWAR,Jowar,2023,2,3672,1.0
JOWAR,Jowar,2023,3,3676,1.001
JOWAR,Jowar,2023,4,3400,0.926
JOWAR,Jowar,2023,5,3199,0.871
JOWAR,Jowar,2023,6,3633,0.99
JOWAR,Jowar,2023,7,3207,0.874
JOWAR,Jowar,2023,8,3503,0.954
JOWAR,Jowar,2023,9,3755,1.023
JOWAR,Jowar,2023,10,3978,1.084
JOWAR,Jowar,2023,11,3986,1.086
JOWAR,Jowar,2023,12,4278,1.165
JOWAR,Jowar,2024,1,4032,1.098
JOWAR,Jowar,2024,2,3943,1.073
JOWAR,Jowar,2024,3,3622,0.986
JOWAR,Jowar,2024,4,3448,0.938
JOWAR,Jowar,2024,5,3604,0.981
JOWAR,Jowar,2024,6,2861,0.779
JOWAR,Jowar,2024,7,3341,0.909
JOWAR,Jowar,2024,8,3157,0.859
JOWAR,Jowar,2024,9,3624,0.987
JOWAR,Jowar,2024,10,4208,1.145
JOWAR,Jowar,2024,11,4208,1.145
JOWAR,Jowar,2024,12,4039,1.099
JOWAR,Jowar,2025,1,4184,1.091
JOWAR,Jowar,2025,2,4268,1.113
JOWAR,Jowar,2025,3,3700,0.965
JOWAR,Jowar,2025,4,3590,0.936
JOWAR,Jowar,2025,5,3349,0.873
JOWAR,Jowar,2025,6,3158,0.823
JOWAR,Jowar,2025,7,3699,0.964
JOWAR,Jowar,2025,8,3665,0.955
JOWAR,Jowar,2025,9,3451,0.9
JOWAR,Jowar,2025,10,4166,1.086
JOWAR,Jowar,2025,11,4195,1.094
JOWAR,Jowar,2025,12,4604,1.2
JOWAR,Jowar,2026,1,4306,1.086
JOWAR,Jowar,2026,2,4241,1.07
JOWAR,Jowar,2026,3,4068,1.026
JOWAR,Jowar,2026,4,3829,0.966
JOWAR,Jowar,2026,5,3245,0.819
JOWAR,Jowar,2026,6,3316,0.837
JOWAR,Jowar,2026,7,3371,0.85
JOWAR,Jowar,2026,8,3551,0.896
JOWAR,Jowar,2026,9,4318,1.089
JOWAR,Jowar,2026,10,4352,1.098
JOWAR,Jowar,2026,11,4201,1.06
JOWAR,Jowar,2026,12,4773,1.204
BAJRA,Bajra,2020,1,2875,1.264
BAJRA,Bajra,2020,2,2600,1.143
BAJRA,Bajra,2020,3,2125,0.934
BAJRA,Bajra,2020,4,2076,0.913
BAJRA,Bajra,2020,5,2128,0.936
BAJRA,Bajra,2020,6,1886,0.829
BAJRA,Bajra,2020,7,2046,0.899
BAJRA,Bajra,2020,8,2210,0.972
BAJRA,Bajra,2020,9,2193,0.964
BAJRA,Bajra,2020,10,2465,1.084
BAJRA,Bajra,2020,11,2178,0.958
BAJRA,Bajra,2020,12,2510,1.103
BAJRA,Bajra,2021,1,2669,1.121
BAJRA,Bajra,2021,2,2411,1.012
BAJRA,Bajra,2021,3,2587,1.086
BAJRA,Bajra,2021,4,2054,0.863
BAJRA,Bajra,2021,5,2035,0.855
BAJRA,Bajra,2021,6,2046,0.859
BAJRA,Bajra,2021,7,2231,0.937
BAJRA,Bajra,2021,8,2054,0.862
BAJRA,Bajra,2021,9,2531,1.063
BAJRA,Bajra,2021,10,2573,1.08
BAJRA,Bajra,2021,11,2570,1.079
BAJRA,Bajra,2021,12,2814,1.182
BAJRA,Bajra,2022,1,2835,1.138
BAJRA,Bajra,2022,2,2590,1.04
BAJRA,Bajra,2022,3,2493,1.0
BAJRA,Bajra,2022,4,2253,0.904
BAJRA,Bajra,2022,5,2174,0.872
BAJRA,Bajra,2022,6,2181,0.875
BAJRA,Bajra,2022,7,2333,0.936
BAJRA,Bajra,2022,8,2155,0.865
BAJRA,Bajra,2022,9,2749,1.103
BAJRA,Bajra,2022,10,2410,0.967
BAJRA,Bajra,2022,11,2785,1.118
BAJRA,Bajra,2022,12,2941,1.18
BAJRA,Bajra,2023,1,2952,1.138
BAJRA,Bajra,2023,2,2683,1.034
BAJRA,Bajra,2023,3,2549,0.982
BAJRA,Bajra,2023,4,2324,0.896
BAJRA,Bajra,2023,5,2175,0.838
BAJRA,Bajra,2023,6,2283,0.88
BAJRA,Bajra,2023,7,2281,0.879
BAJRA,Bajra,2023,8,2300,0.887
BAJRA,Bajra,2023,9,2692,1.037
BAJRA,Bajra,2023,10,2812,1.084
BAJRA,Bajra,2023,11,3029,1.167
BAJRA,Bajra,2023,12,3056,1.178
BAJRA,Bajra,2024,1,2890,1.075
BAJRA,Bajra,2024,2,2788,1.037
BAJRA,Bajra,2024,3,2768,1.03
BAJRA,Bajra,2024,4,2543,0.946
BAJRA,Bajra,2024,5,2319,0.863
BAJRA,Bajra,2024,6,2281,0.849
BAJRA,Bajra,2024,7,2470,0.919
BAJRA,Bajra,2024,8,2395,0.891
BAJRA,Bajra,2024,9,2741,1.02
BAJRA,Bajra,2024,10,2839,1.056
BAJRA,Bajra,2024,11,2982,1.109
BAJRA,Bajra,2024,12,3237,1.204
BAJRA,Bajra,2025,1,3247,1.149
BAJRA,Bajra,2025,2,3088,1.092
BAJRA,Bajra,2025,3,2940,1.04
BAJRA,Bajra,2025,4,2556,0.904
BAJRA,Bajra,2025,5,2483,0.878
BAJRA,Bajra,2025,6,2310,0.817
BAJRA,Bajra,2025,7,2440,0.863
BAJRA,Bajra,2025,8,2536,0.897
BAJRA,Bajra,2025,9,2773,0.981
BAJRA,Bajra,2025,10,3055,1.081
BAJRA,Bajra,2025,11,2991,1.058
BAJRA,Bajra,2025,12,3506,1.24
BAJRA,Bajra,2026,1,3060,1.073
BAJRA,Bajra,2026,2,2880,1.01
BAJRA,Bajra,2026,3,3017,1.058
BAJRA,Bajra,2026,4,2743,0.962
BAJRA,Bajra,2026,5,2559,0.897
BAJRA,Bajra,2026,6,2500,0.877
BAJRA,Bajra,2026,7,2480,0.87
BAJRA,Bajra,2026,8,2520,0.884
BAJRA,Bajra,2026,9,2863,1.004
BAJRA,Bajra,2026,10,2962,1.039
BAJRA,Bajra,2026,11,3380,1.185
BAJRA,Bajra,2026,12,3256,1.142
WHEAT,Wheat,2020,1,2708,1.109
WHEAT,Wheat,2020,2,2644,1.083
WHEAT,Wheat,2020,3,2552,1.045
WHEAT,Wheat,2020,4,2247,0.921
WHEAT,Wheat,2020,5,2086,0.854
WHEAT,Wheat,2020,6,2151,0.881
WHEAT,Wheat,2020,7,2202,0.902
WHEAT,Wheat,2020,8,2254,0.923
WHEAT,Wheat,2020,9,2441,1.0
WHEAT,Wheat,2020,10,2719,1.114
WHEAT,Wheat,2020,11,2620,1.073
WHEAT,Wheat,2020,12,2673,1.095
WHEAT,Wheat,2021,1,2832,1.092
WHEAT,Wheat,2021,2,2765,1.066
WHEAT,Wheat,2021,3,2640,1.018
WHEAT,Wheat,2021,4,2582,0.996
WHEAT,Wheat,2021,5,2359,0.91
WHEAT,Wheat,2021,6,2192,0.845
WHEAT,Wheat,2021,7,2260,0.872
WHEAT,Wheat,2021,8,2284,0.881
WHEAT,Wheat,2021,9,2598,1.002
WHEAT,Wheat,2021,10,2755,1.062
WHEAT,Wheat,2021,11,2985,1.151
WHEAT,Wheat,2021,12,2866,1.105
WHEAT,Wheat,2022,1,3130,1.146
WHEAT,Wheat,2022,2,3125,1.144
WHEAT,Wheat,2022,3,2685,0.983
WHEAT,Wheat,2022,4,2548,0.933
WHEAT,Wheat,2022,5,2430,0.89
WHEAT,Wheat,2022,6,2249,0.823
WHEAT,Wheat,2022,7,2376,0.87
WHEAT,Wheat,2022,8,2499,0.915
WHEAT,Wheat,2022,9,2713,0.993
WHEAT,Wheat,2022,10,2790,1.021
WHEAT,Wheat,2022,11,3054,1.118
WHEAT,Wheat,2022,12,3182,1.165
WHEAT,Wheat,2023,1,3393,1.203
WHEAT,Wheat,2023,2,3154,1.119
WHEAT,Wheat,2023,3,3101,1.1
WHEAT,Wheat,2023,4,2491,0.883
WHEAT,Wheat,2023,5,2543,0.902
WHEAT,Wheat,2023,6,2402,0.852
WHEAT,Wheat,2023,7,2703,0.959
WHEAT,Wheat,2023,8,2485,0.881
WHEAT,Wheat,2023,9,2682,0.951
WHEAT,Wheat,2023,10,2920,1.035
WHEAT,Wheat,2023,11,2828,1.003
WHEAT,Wheat,2023,12,3135,1.112
WHEAT,Wheat,2024,1,3152,1.074
WHEAT,Wheat,2024,2,3141,1.07
WHEAT,Wheat,2024,3,2950,1.005
WHEAT,Wheat,2024,4,2934,1.0
WHEAT,Wheat,2024,5,2643,0.901
WHEAT,Wheat,2024,6,2394,0.816
WHEAT,Wheat,2024,7,2410,0.821
WHEAT,Wheat,2024,8,2748,0.937
WHEAT,Wheat,2024,9,2709,0.923
WHEAT,Wheat,2024,10,3403,1.16
WHEAT,Wheat,2024,11,3470,1.183
WHEAT,Wheat,2024,12,3257,1.11
WHEAT,Wheat,2025,1,3099,1.044
WHEAT,Wheat,2025,2,3443,1.16
WHEAT,Wheat,2025,3,2983,1.005
WHEAT,Wheat,2025,4,2947,0.992
WHEAT,Wheat,2025,5,2402,0.809
WHEAT,Wheat,2025,6,2474,0.833
WHEAT,Wheat,2025,7,2611,0.879
WHEAT,Wheat,2025,8,2782,0.937
WHEAT,Wheat,2025,9,2932,0.988
WHEAT,Wheat,2025,10,3325,1.12
WHEAT,Wheat,2025,11,3209,1.081
WHEAT,Wheat,2025,12,3425,1.154
WHEAT,Wheat,2026,1,3524,1.124
WHEAT,Wheat,2026,2,3418,1.09
WHEAT,Wheat,2026,3,3210,1.024
WHEAT,Wheat,2026,4,2706,0.863
WHEAT,Wheat,2026,5,2490,0.794
WHEAT,Wheat,2026,6,2803,0.894
WHEAT,Wheat,2026,7,2742,0.874
WHEAT,Wheat,2026,8,2760,0.88
WHEAT,Wheat,2026,9,3340,1.065
WHEAT,Wheat,2026,10,3352,1.069
WHEAT,Wheat,2026,11,3709,1.183
WHEAT,Wheat,2026,12,3577,1.141
TUR,Tur,2020,1,8974,1.237
TUR,Tur,2020,2,8419,1.16
TUR,Tur,2020,3,7110,0.98
TUR,Tur,2020,4,6984,0.962
TUR,Tur,2020,5,6467,0.891
TUR,Tur,2020,6,6539,0.901
TUR,Tur,2020,7,5962,0.822
TUR,Tur,2020,8,6888,0.949
TUR,Tur,2020,9,7581,1.045
TUR,Tur,2020,10,7059,0.973
TUR,Tur,2020,11,7654,1.055
TUR,Tur,2020,12,7436,1.025
TUR,Tur,2021,1,8347,1.121
TUR,Tur,2021,2,8338,1.12
TUR,Tur,2021,3,8050,1.081
TUR,Tur,2021,4,6952,0.934
TUR,Tur,2021,5,7046,0.946
TUR,Tur,2021,6,5926,0.796
TUR,Tur,2021,7,5960,0.8
TUR,Tur,2021,8,6907,0.928
TUR,Tur,2021,9,7632,1.025
TUR,Tur,2021,10,8036,1.079
TUR,Tur,2021,11,7586,1.019
TUR,Tur,2021,12,8573,1.151
TUR,Tur,2022,1,8213,1.073
TUR,Tur,2022,2,8639,1.129
TUR,Tur,2022,3,7919,1.034
TUR,Tur,2022,4,6855,0.895
TUR,Tur,2022,5,6592,0.861
TUR,Tur,2022,6,6260,0.818
TUR,Tur,2022,7,6745,0.881
TUR,Tur,2022,8,7536,0.984
TUR,Tur,2022,9,7393,0.966
TUR,Tur,2022,10,8570,1.119
TUR,Tur,2022,11,8553,1.117
TUR,Tur,2022,12,8588,1.122
TUR,Tur,2023,1,9063,1.126
TUR,Tur,2023,2,8220,1.021
TUR,Tur,2023,3,7841,0.974
TUR,Tur,2023,4,7012,0.871
TUR,Tur,2023,5,7706,0.957
TUR,Tur,2023,6,6866,0.853
TUR,Tur,2023,7,6771,0.841
TUR,Tur,2023,8,7539,0.936
TUR,Tur,2023,9,8019,0.996
TUR,Tur,2023,10,8573,1.065
TUR,Tur,2023,11,9391,1.166
TUR,Tur,2023,12,9625,1.195
TUR,Tur,2024,1,9187,1.086
TUR,Tur,2024,2,8720,1.031
TUR,Tur,2024,3,8237,0.974
TUR,Tur,2024,4,6836,0.808
TUR,Tur,2024,5,6716,0.794
TUR,Tur,2024,6,7584,0.897
TUR,Tur,2024,7,7865,0.93
TUR,Tur,2024,8,7629,0.902
TUR,Tur,2024,9,8593,1.016
TUR,Tur,2024,10,9118,1.078
TUR,Tur,2024,11,10890,1.287
TUR,Tur,2024,12,10142,1.199
TUR,Tur,2025,1,9700,1.131
TUR,Tur,2025,2,8844,1.031
TUR,Tur,2025,3,7946,0.926
TUR,Tur,2025,4,8073,0.941
TUR,Tur,2025,5,7233,0.843
TUR,Tur,2025,6,6822,0.795
TUR,Tur,2025,7,7275,0.848
TUR,Tur,2025,8,7560,0.881
TUR,Tur,2025,9,9369,1.092
TUR,Tur,2025,10,9697,1.13
TUR,Tur,2025,11,9758,1.137
TUR,Tur,2025,12,10671,1.244
TUR,Tur,2026,1,10127,1.134
TUR,Tur,2026,2,9184,1.028
TUR,Tur,2026,3,9608,1.076
TUR,Tur,2026,4,8481,0.949
TUR,Tur,2026,5,7365,0.825
TUR,Tur,2026,6,7517,0.841
TUR,Tur,2026,7,7428,0.832
TUR,Tur,2026,8,7687,0.861
TUR,Tur,2026,9,9341,1.046
TUR,Tur,2026,10,10514,1.177
TUR,Tur,2026,11,9382,1.05
TUR,Tur,2026,12,10556,1.182
MOONG,Moong,2020,1,7871,1.112
MOONG,Moong,2020,2,7551,1.067
MOONG,Moong,2020,3,6987,0.987
MOONG,Moong,2020,4,6372,0.901
MOONG,Moong,2020,5,6280,0.887
MOONG,Moong,2020,6,5866,0.829
MOONG,Moong,2020,7,6349,0.897
MOONG,Moong,2020,8,6643,0.939
MOONG,Moong,2020,9,7114,1.005
MOONG,Moong,2020,10,7389,1.044
MOONG,Moong,2020,11,7901,1.117
MOONG,Moong,2020,12,8593,1.214
MOONG,Moong,2021,1,8673,1.184
MOONG,Moong,2021,2,7656,1.045
MOONG,Moong,2021,3,7525,1.027
MOONG,Moong,2021,4,7187,0.981
MOONG,Moong,2021,5,5971,0.815
MOONG,Moong,2021,6,6538,0.892
MOONG,Moong,2021,7,6299,0.86
MOONG,Moong,2021,8,7124,0.973
MOONG,Moong,2021,9,7202,0.983
MOONG,Moong,2021,10,7323,1.0
MOONG,Moong,2021,11,7772,1.061
MOONG,Moong,2021,12,8632,1.178
MOONG,Moong,2022,1,8900,1.164
MOONG,Moong,2022,2,7981,1.044
MOONG,Moong,2022,3,8024,1.049
MOONG,Moong,2022,4,6595,0.862
MOONG,Moong,2022,5,6744,0.882
MOONG,Moong,2022,6,6209,0.812
MOONG,Moong,2022,7,6545,0.856
MOONG,Moong,2022,8,7210,0.943
MOONG,Moong,2022,9,7441,0.973
MOONG,Moong,2022,10,8198,1.072
MOONG,Moong,2022,11,9228,1.207
MOONG,Moong,2022,12,8684,1.136
MOONG,Moong,2023,1,9492,1.183
MOONG,Moong,2023,2,8179,1.02
MOONG,Moong,2023,3,8278,1.032
MOONG,Moong,2023,4,7997,0.997
MOONG,Moong,2023,5,6149,0.767
MOONG,Moong,2023,6,6581,0.821
MOONG,Moong,2023,7,7219,0.9
MOONG,Moong,2023,8,7383,0.921
MOONG,Moong,2023,9,8214,1.024
MOONG,Moong,2023,10,8407,1.048
MOONG,Moong,2023,11,9151,1.141
MOONG,Moong,2023,12,9201,1.147
MOONG,Moong,2024,1,9988,1.177
MOONG,Moong,2024,2,9093,1.072
MOONG,Moong,2024,3,8493,1.001
MOONG,Moong,2024,4,7567,0.892
MOONG,Moong,2024,5,7090,0.836
MOONG,Moong,2024,6,6946,0.819
MOONG,Moong,2024,7,7410,0.873
MOONG,Moong,2024,8,7563,0.891
MOONG,Moong,2024,9,8473,0.999
MOONG,Moong,2024,10,9910,1.168
MOONG,Moong,2024,11,9848,1.161
MOONG,Moong,2024,12,9448,1.113
MOONG,Moong,2025,1,10349,1.218
MOONG,Moong,2025,2,9098,1.071
MOONG,Moong,2025,3,7760,0.913
MOONG,Moong,2025,4,7589,0.893
MOONG,Moong,2025,5,6814,0.802
MOONG,Moong,2025,6,7215,0.849
MOONG,Moong,2025,7,7525,0.885
MOONG,Moong,2025,8,8662,1.019
MOONG,Moong,2025,9,8781,1.033
MOONG,Moong,2025,10,9186,1.081
MOONG,Moong,2025,11,10167,1.196
MOONG,Moong,2025,12,8838,1.04
MOONG,Moong,2026,1,10207,1.133
MOONG,Moong,2026,2,9968,1.106
MOONG,Moong,2026,3,8268,0.918
MOONG,Moong,2026,4,8731,0.969
MOONG,Moong,2026,5,7900,0.877
MOONG,Moong,2026,6,7431,0.825
MOONG,Moong,2026,7,8014,0.889
MOONG,Moong,2026,8,9196,1.021
MOONG,Moong,2026,9,9009,1.0
MOONG,Moong,2026,10,9717,1.078
MOONG,Moong,2026,11,9856,1.094
MOONG,Moong,2026,12,9831,1.091
URAD,Urad,2020,1,7649,1.18
URAD,Urad,2020,2,6688,1.032
URAD,Urad,2020,3,6523,1.006
URAD,Urad,2020,4,5869,0.905
URAD,Urad,2020,5,5791,0.893
URAD,Urad,2020,6,5617,0.866
URAD,Urad,2020,7,5949,0.918
URAD,Urad,2020,8,5859,0.904
URAD,Urad,2020,9,6412,0.989
URAD,Urad,2020,10,6646,1.025
URAD,Urad,2020,11,7181,1.108
URAD,Urad,2020,12,7616,1.175
URAD,Urad,2021,1,7927,1.16
URAD,Urad,2021,2,6932,1.014
URAD,Urad,2021,3,7054,1.032
URAD,Urad,2021,4,6677,0.977
URAD,Urad,2021,5,6003,0.878
URAD,Urad,2021,6,6285,0.92
URAD,Urad,2021,7,5654,0.827
URAD,Urad,2021,8,5864,0.858
URAD,Urad,2021,9,6159,0.901
URAD,Urad,2021,10,7811,1.143
URAD,Urad,2021,11,7888,1.154
URAD,Urad,2021,12,7752,1.134
URAD,Urad,2022,1,8043,1.116
URAD,Urad,2022,2,7122,0.988
URAD,Urad,2022,3,7878,1.093
URAD,Urad,2022,4,6535,0.907
URAD,Urad,2022,5,6141,0.852
URAD,Urad,2022,6,6184,0.858
URAD,Urad,2022,7,6255,0.868
URAD,Urad,2022,8,6566,0.911
URAD,Urad,2022,9,6743,0.936
URAD,Urad,2022,10,7724,1.072
URAD,Urad,2022,11,8678,1.204
URAD,Urad,2022,12,8616,1.195
URAD,Urad,2023,1,8881,1.233
URAD,Urad,2023,2,7626,1.059
URAD,Urad,2023,3,6920,0.961
URAD,Urad,2023,4,6692,0.929
URAD,Urad,2023,5,6352,0.882
URAD,Urad,2023,6,6527,0.906
URAD,Urad,2023,7,5798,0.805
URAD,Urad,2023,8,7249,1.007
URAD,Urad,2023,9,7222,1.003
URAD,Urad,2023,10,7659,1.064
URAD,Urad,2023,11,7809,1.084
URAD,Urad,2023,12,7679,1.066
URAD,Urad,2024,1,8870,1.205
URAD,Urad,2024,2,8135,1.105
URAD,Urad,2024,3,7054,0.958
URAD,Urad,2024,4,6523,0.886
URAD,Urad,2024,5,6450,0.876
URAD,Urad,2024,6,6944,0.943
URAD,Urad,2024,7,6475,0.879
URAD,Urad,2024,8,6450,0.876
URAD,Urad,2024,9,7447,1.011
URAD,Urad,2024,10,7995,1.086
URAD,Urad,2024,11,7371,1.001
URAD,Urad,2024,12,8647,1.174
URAD,Urad,2025,1,8711,1.096
URAD,Urad,2025,2,8677,1.092
URAD,Urad,2025,3,8521,1.072
URAD,Urad,2025,4,7621,0.959
URAD,Urad,2025,5,6696,0.842
URAD,Urad,2025,6,6263,0.788
URAD,Urad,2025,7,7660,0.964
URAD,Urad,2025,8,7236,0.911
URAD,Urad,2025,9,7805,0.982
URAD,Urad,2025,10,8375,1.054
URAD,Urad,2025,11,8901,1.12
URAD,Urad,2025,12,8905,1.12
URAD,Urad,2026,1,8846,1.114
URAD,Urad,2026,2,8428,1.061
URAD,Urad,2026,3,8047,1.014
URAD,Urad,2026,4,7253,0.914
URAD,Urad,2026,5,6763,0.852
URAD,Urad,2026,6,6887,0.867
URAD,Urad,2026,7,6924,0.872
URAD,Urad,2026,8,8016,1.01
URAD,Urad,2026,9,6992,0.881
URAD,Urad,2026,10,9137,1.151
URAD,Urad,2026,11,9674,1.219
URAD,Urad,2026,12,8308,1.046
GRAM,Gram,2020,1,5664,1.115
GRAM,Gram,2020,2,5381,1.059
GRAM,Gram,2020,3,4741,0.933
GRAM,Gram,2020,4,4534,0.892
GRAM,Gram,2020,5,4191,0.825
GRAM,Gram,2020,6,4715,0.928
GRAM,Gram,2020,7,4645,0.914
GRAM,Gram,2020,8,5017,0.988
GRAM,Gram,2020,9,5284,1.04
GRAM,Gram,2020,10,5173,1.018
GRAM,Gram,2020,11,5611,1.105
GRAM,Gram,2020,12,6009,1.183
GRAM,Gram,2021,1,5627,1.059
GRAM,Gram,2021,2,5905,1.111
GRAM,Gram,2021,3,5240,0.986
GRAM,Gram,2021,4,4814,0.906
GRAM,Gram,2021,5,4779,0.899
GRAM,Gram,2021,6,4609,0.867
GRAM,Gram,2021,7,4532,0.853
GRAM,Gram,2021,8,5191,0.977
GRAM,Gram,2021,9,5017,0.944
GRAM,Gram,2021,10,5877,1.106
GRAM,Gram,2021,11,6171,1.161
GRAM,Gram,2021,12,6005,1.13
GRAM,Gram,2022,1,6325,1.158
GRAM,Gram,2022,2,5551,1.016
GRAM,Gram,2022,3,5762,1.055
GRAM,Gram,2022,4,5048,0.924
GRAM,Gram,2022,5,4667,0.855
GRAM,Gram,2022,6,4927,0.902
GRAM,Gram,2022,7,4624,0.847
GRAM,Gram,2022,8,4736,0.867
GRAM,Gram,2022,9,5079,0.93
GRAM,Gram,2022,10,6101,1.117
GRAM,Gram,2022,11,5825,1.067
GRAM,Gram,2022,12,6890,1.262
GRAM,Gram,2023,1,5782,1.011
GRAM,Gram,2023,2,6661,1.165
GRAM,Gram,2023,3,5772,1.01
GRAM,Gram,2023,4,5258,0.92
GRAM,Gram,2023,5,4835,0.846
GRAM,Gram,2023,6,4952,0.866
GRAM,Gram,2023,7,4961,0.868
GRAM,Gram,2023,8,5575,0.975
GRAM,Gram,2023,9,5745,1.005
GRAM,Gram,2023,10,6187,1.082
GRAM,Gram,2023,11,6337,1.108
GRAM,Gram,2023,12,6550,1.146
GRAM,Gram,2024,1,6787,1.167
GRAM,Gram,2024,2,5816,1.0
GRAM,Gram,2024,3,5517,0.949
GRAM,Gram,2024,4,5676,0.976
GRAM,Gram,2024,5,5191,0.893
GRAM,Gram,2024,6,4982,0.857
GRAM,Gram,2024,7,5152,0.886
GRAM,Gram,2024,8,5567,0.957
GRAM,Gram,2024,9,5756,0.99
GRAM,Gram,2024,10,6112,1.051
GRAM,Gram,2024,11,6750,1.161
GRAM,Gram,2024,12,6471,1.113
GRAM,Gram,2025,1,7056,1.155
GRAM,Gram,2025,2,6019,0.985
GRAM,Gram,2025,3,6435,1.053
GRAM,Gram,2025,4,5795,0.948
GRAM,Gram,2025,5,5393,0.883
GRAM,Gram,2025,6,5458,0.893
GRAM,Gram,2025,7,5768,0.944
GRAM,Gram,2025,8,5948,0.973
GRAM,Gram,2025,9,5557,0.909
GRAM,Gram,2025,10,6158,1.008
GRAM,Gram,2025,11,6699,1.096
GRAM,Gram,2025,12,7047,1.153
GRAM,Gram,2026,1,7330,1.171
GRAM,Gram,2026,2,6552,1.046
GRAM,Gram,2026,3,6383,1.019
GRAM,Gram,2026,4,5629,0.899
GRAM,Gram,2026,5,5334,0.852
GRAM,Gram,2026,6,4997,0.798
GRAM,Gram,2026,7,5248,0.838
GRAM,Gram,2026,8,5454,0.871
GRAM,Gram,2026,9,6015,0.961
GRAM,Gram,2026,10,7156,1.143
GRAM,Gram,2026,11,6806,1.087
GRAM,Gram,2026,12,8230,1.314
COTTON,Cotton,2020,1,7410,1.136
COTTON,Cotton,2020,2,6944,1.064
COTTON,Cotton,2020,3,6125,0.939
COTTON,Cotton,2020,4,6127,0.939
COTTON,Cotton,2020,5,5408,0.829
COTTON,Cotton,2020,6,5473,0.839
COTTON,Cotton,2020,7,6281,0.963
COTTON,Cotton,2020,8,5892,0.903
COTTON,Cotton,2020,9,6768,1.037
COTTON,Cotton,2020,10,6638,1.017
COTTON,Cotton,2020,11,7219,1.106
COTTON,Cotton,2020,12,8012,1.228
COTTON,Cotton,2021,1,7285,1.088
COTTON,Cotton,2021,2,7804,1.165
COTTON,Cotton,2021,3,6892,1.029
COTTON,Cotton,2021,4,5984,0.893
COTTON,Cotton,2021,5,5974,0.892
COTTON,Cotton,2021,6,5933,0.886
COTTON,Cotton,2021,7,5971,0.891
COTTON,Cotton,2021,8,5673,0.847
COTTON,Cotton,2021,9,6414,0.958
COTTON,Cotton,2021,10,7067,1.055
COTTON,Cotton,2021,11,7493,1.119
COTTON,Cotton,2021,12,7892,1.178
COTTON,Cotton,2022,1,7879,1.135
COTTON,Cotton,2022,2,6934,0.999
COTTON,Cotton,2022,3,7043,1.014
COTTON,Cotton,2022,4,6589,0.949
COTTON,Cotton,2022,5,6182,0.89
COTTON,Cotton,2022,6,6193,0.892
COTTON,Cotton,2022,7,6265,0.902
COTTON,Cotton,2022,8,6540,0.942
COTTON,Cotton,2022,9,6888,0.992
COTTON,Cotton,2022,10,6813,0.981
COTTON,Cotton,2022,11,7978,1.149
COTTON,Cotton,2022,12,8031,1.156
COTTON,Cotton,2023,1,8209,1.148
COTTON,Cotton,2023,2,7214,1.009
COTTON,Cotton,2023,3,6781,0.948
COTTON,Cotton,2023,4,6980,0.976
COTTON,Cotton,2023,5,6225,0.871
COTTON,Cotton,2023,6,6300,0.881
COTTON,Cotton,2023,7,6246,0.874
COTTON,Cotton,2023,8,6640,0.929
COTTON,Cotton,2023,9,7504,1.05
COTTON,Cotton,2023,10,7507,1.05
COTTON,Cotton,2023,11,8138,1.138
COTTON,Cotton,2023,12,8053,1.126
COTTON,Cotton,2024,1,8206,1.106
COTTON,Cotton,2024,2,7857,1.059
COTTON,Cotton,2024,3,7506,1.012
COTTON,Cotton,2024,4,6703,0.903
COTTON,Cotton,2024,5,6865,0.925
COTTON,Cotton,2024,6,6028,0.813
COTTON,Cotton,2024,7,6399,0.863
COTTON,Cotton,2024,8,6716,0.905
COTTON,Cotton,2024,9,7961,1.073
COTTON,Cotton,2024,10,8059,1.086
COTTON,Cotton,2024,11,8821,1.189
COTTON,Cotton,2024,12,7903,1.065
COTTON,Cotton,2025,1,8794,1.112
COTTON,Cotton,2025,2,8623,1.091
COTTON,Cotton,2025,3,7712,0.976
COTTON,Cotton,2025,4,7482,0.947
COTTON,Cotton,2025,5,6510,0.823
COTTON,Cotton,2025,6,6988,0.884
COTTON,Cotton,2025,7,7450,0.942
COTTON,Cotton,2025,8,6975,0.882
COTTON,Cotton,2025,9,7509,0.95
COTTON,Cotton,2025,10,8856,1.12
COTTON,Cotton,2025,11,9363,1.184
COTTON,Cotton,2025,12,8601,1.088
COTTON,Cotton,2026,1,8779,1.12
COTTON,Cotton,2026,2,8411,1.073
COTTON,Cotton,2026,3,7403,0.944
COTTON,Cotton,2026,4,7004,0.894
COTTON,Cotton,2026,5,6558,0.837
COTTON,Cotton,2026,6,6487,0.828
COTTON,Cotton,2026,7,6893,0.879
COTTON,Cotton,2026,8,7427,0.948
COTTON,Cotton,2026,9,8551,1.091
COTTON,Cotton,2026,10,8105,1.034
COTTON,Cotton,2026,11,9408,1.2
COTTON,Cotton,2026,12,9029,1.152
GROUNDNUT,Groundnut,2020,1,6199,1.125
GROUNDNUT,Groundnut,2020,2,6112,1.109
GROUNDNUT,Groundnut,2020,3,5191,0.942
GROUNDNUT,Groundnut,2020,4,5185,0.941
GROUNDNUT,Groundnut,2020,5,4825,0.876
GROUNDNUT,Groundnut,2020,6,4790,0.869
GROUNDNUT,Groundnut,2020,7,4855,0.881
GROUNDNUT,Groundnut,2020,8,5712,1.037
GROUNDNUT,Groundnut,2020,9,5325,0.966
GROUNDNUT,Groundnut,2020,10,5756,1.045
GROUNDNUT,Groundnut,2020,11,6021,1.093
GROUNDNUT,Groundnut,2020,12,6149,1.116
GROUNDNUT,Groundnut,2021,1,6257,1.078
GROUNDNUT,Groundnut,2021,2,6515,1.122
GROUNDNUT,Groundnut,2021,3,6126,1.055
GROUNDNUT,Groundnut,2021,4,5140,0.885
GROUNDNUT,Groundnut,2021,5,4770,0.821
GROUNDNUT,Groundnut,2021,6,4977,0.857
GROUNDNUT,Groundnut,2021,7,4840,0.834
GROUNDNUT,Groundnut,2021,8,5458,0.94
GROUNDNUT,Groundnut,2021,9,5778,0.995
GROUNDNUT,Groundnut,2021,10,5683,0.979
GROUNDNUT,Groundnut,2021,11,6963,1.199
GROUNDNUT,Groundnut,2021,12,7169,1.235
GROUNDNUT,Groundnut,2022,1,6506,1.092
GROUNDNUT,Groundnut,2022,2,6262,1.051
GROUNDNUT,Groundnut,2022,3,6025,1.011
GROUNDNUT,Groundnut,2022,4,5586,0.938
GROUNDNUT,Groundnut,2022,5,5339,0.896
GROUNDNUT,Groundnut,2022,6,5556,0.933
GROUNDNUT,Groundnut,2022,7,5123,0.86
GROUNDNUT,Groundnut,2022,8,5275,0.885
GROUNDNUT,Groundnut,2022,9,5530,0.928
GROUNDNUT,Groundnut,2022,10,6152,1.033
GROUNDNUT,Groundnut,2022,11,6701,1.125
GROUNDNUT,Groundnut,2022,12,7444,1.249
GROUNDNUT,Groundnut,2023,1,6780,1.074
GROUNDNUT,Groundnut,2023,2,6696,1.061
GROUNDNUT,Groundnut,2023,3,6155,0.975
GROUNDNUT,Groundnut,2023,4,6037,0.956
GROUNDNUT,Groundnut,2023,5,6037,0.956
GROUNDNUT,Groundnut,2023,6,5097,0.807
GROUNDNUT,Groundnut,2023,7,5229,0.828
GROUNDNUT,Groundnut,2023,8,5995,0.95
GROUNDNUT,Groundnut,2023,9,6370,1.009
GROUNDNUT,Groundnut,2023,10,7233,1.146
GROUNDNUT,Groundnut,2023,11,7163,1.135
GROUNDNUT,Groundnut,2023,12,6957,1.102
GROUNDNUT,Groundnut,2024,1,7422,1.129
GROUNDNUT,Groundnut,2024,2,7239,1.101
GROUNDNUT,Groundnut,2024,3,6642,1.01
GROUNDNUT,Groundnut,2024,4,6051,0.921
GROUNDNUT,Groundnut,2024,5,5847,0.889
GROUNDNUT,Groundnut,2024,6,5740,0.873
GROUNDNUT,Groundnut,2024,7,5935,0.903
GROUNDNUT,Groundnut,2024,8,6093,0.927
GROUNDNUT,Groundnut,2024,9,6327,0.962
GROUNDNUT,Groundnut,2024,10,6909,1.051
GROUNDNUT,Groundnut,2024,11,7644,1.163
GROUNDNUT,Groundnut,2024,12,7037,1.071
GROUNDNUT,Groundnut,2025,1,7595,1.133
GROUNDNUT,Groundnut,2025,2,6955,1.037
GROUNDNUT,Groundnut,2025,3,6609,0.986
GROUNDNUT,Groundnut,2025,4,6495,0.969
GROUNDNUT,Groundnut,2025,5,5798,0.865
GROUNDNUT,Groundnut,2025,6,5623,0.839
GROUNDNUT,Groundnut,2025,7,5352,0.798
GROUNDNUT,Groundnut,2025,8,6333,0.945
GROUNDNUT,Groundnut,2025,9,6813,1.016
GROUNDNUT,Groundnut,2025,10,7862,1.173
GROUNDNUT,Groundnut,2025,11,7343,1.095
GROUNDNUT,Groundnut,2025,12,7673,1.145
GROUNDNUT,Groundnut,2026,1,7802,1.135
GROUNDNUT,Groundnut,2026,2,7910,1.151
GROUNDNUT,Groundnut,2026,3,6788,0.987
GROUNDNUT,Groundnut,2026,4,6397,0.93
GROUNDNUT,Groundnut,2026,5,6114,0.889
GROUNDNUT,Groundnut,2026,6,5851,0.851
GROUNDNUT,Groundnut,2026,7,5802,0.844
GROUNDNUT,Groundnut,2026,8,6370,0.927
GROUNDNUT,Groundnut,2026,9,7186,1.045
GROUNDNUT,Groundnut,2026,10,6955,1.012
GROUNDNUT,Groundnut,2026,11,7757,1.128
GROUNDNUT,Groundnut,2026,12,7568,1.101
SUNFLOWER,Sunflower,2020,1,6825,1.207
SUNFLOWER,Sunflower,2020,2,5661,1.001
SUNFLOWER,Sunflower,2020,3,5541,0.98
SUNFLOWER,Sunflower,2020,4,5372,0.95
SUNFLOWER,Sunflower,2020,5,5348,0.945
SUNFLOWER,Sunflower,2020,6,4829,0.854
SUNFLOWER,Sunflower,2020,7,4822,0.852
SUNFLOWER,Sunflower,2020,8,5768,1.02
SUNFLOWER,Sunflower,2020,9,5287,0.935
SUNFLOWER,Sunflower,2020,10,5454,0.964
SUNFLOWER,Sunflower,2020,11,6582,1.164
SUNFLOWER,Sunflower,2020,12,6390,1.13
SUNFLOWER,Sunflower,2021,1,6356,1.083
SUNFLOWER,Sunflower,2021,2,6598,1.124
SUNFLOWER,Sunflower,2021,3,6000,1.022
SUNFLOWER,Sunflower,2021,4,5329,0.908
SUNFLOWER,Sunflower,2021,5,4828,0.823
SUNFLOWER,Sunflower,2021,6,5259,0.896
SUNFLOWER,Sunflower,2021,7,5326,0.907
SUNFLOWER,Sunflower,2021,8,5456,0.93
SUNFLOWER,Sunflower,2021,9,6475,1.103
SUNFLOWER,Sunflower,2021,10,6032,1.028
SUNFLOWER,Sunflower,2021,11,6187,1.054
SUNFLOWER,Sunflower,2021,12,6581,1.121
SUNFLOWER,Sunflower,2022,1,6940,1.112
SUNFLOWER,Sunflower,2022,2,6698,1.073
SUNFLOWER,Sunflower,2022,3,6082,0.974
SUNFLOWER,Sunflower,2022,4,5795,0.928
SUNFLOWER,Sunflower,2022,5,5021,0.804
SUNFLOWER,Sunflower,2022,6,5610,0.899
SUNFLOWER,Sunflower,2022,7,5334,0.854
SUNFLOWER,Sunflower,2022,8,6012,0.963
SUNFLOWER,Sunflower,2022,9,6261,1.003
SUNFLOWER,Sunflower,2022,10,6769,1.084
SUNFLOWER,Sunflower,2022,11,7154,1.146
SUNFLOWER,Sunflower,2022,12,7238,1.159
SUNFLOWER,Sunflower,2023,1,7445,1.152
SUNFLOWER,Sunflower,2023,2,7319,1.132
SUNFLOWER,Sunflower,2023,3,6447,0.997
SUNFLOWER,Sunflower,2023,4,6115,0.946
SUNFLOWER,Sunflower,2023,5,5530,0.855
SUNFLOWER,Sunflower,2023,6,5817,0.9
SUNFLOWER,Sunflower,2023,7,5367,0.83
SUNFLOWER,Sunflower,2023,8,6437,0.996
SUNFLOWER,Sunflower,2023,9,6371,0.986
SUNFLOWER,Sunflower,2023,10,6372,0.986
SUNFLOWER,Sunflower,2023,11,7260,1.123
SUNFLOWER,Sunflower,2023,12,7092,1.097
SUNFLOWER,Sunflower,2024,1,7785,1.202
SUNFLOWER,Sunflower,2024,2,6876,1.062
SUNFLOWER,Sunflower,2024,3,6464,0.998
SUNFLOWER,Sunflower,2024,4,5538,0.855
SUNFLOWER,Sunflower,2024,5,5623,0.868
SUNFLOWER,Sunflower,2024,6,4939,0.763
SUNFLOWER,Sunflower,2024,7,5297,0.818
SUNFLOWER,Sunflower,2024,8,6349,0.981
SUNFLOWER,Sunflower,2024,9,6872,1.061
SUNFLOWER,Sunflower,2024,10,7259,1.121
SUNFLOWER,Sunflower,2024,11,7110,1.098
SUNFLOWER,Sunflower,2024,12,7586,1.172
SUNFLOWER,Sunflower,2025,1,7727,1.145
SUNFLOWER,Sunflower,2025,2,6927,1.027
SUNFLOWER,Sunflower,2025,3,7354,1.09
SUNFLOWER,Sunflower,2025,4,6605,0.979
SUNFLOWER,Sunflower,2025,5,5886,0.872
SUNFLOWER,Sunflower,2025,6,5822,0.863
SUNFLOWER,Sunflower,2025,7,6013,0.891
SUNFLOWER,Sunflower,2025,8,5681,0.842
SUNFLOWER,Sunflower,2025,9,6755,1.001
SUNFLOWER,Sunflower,2025,10,7102,1.053
SUNFLOWER,Sunflower,2025,11,7341,1.088
SUNFLOWER,Sunflower,2025,12,7755,1.149
SUNFLOWER,Sunflower,2026,1,8704,1.197
SUNFLOWER,Sunflower,2026,2,7842,1.078
SUNFLOWER,Sunflower,2026,3,6866,0.944
SUNFLOWER,Sunflower,2026,4,6725,0.925
SUNFLOWER,Sunflower,2026,5,6580,0.905
SUNFLOWER,Sunflower,2026,6,6286,0.864
SUNFLOWER,Sunflower,2026,7,6168,0.848
SUNFLOWER,Sunflower,2026,8,6326,0.87
SUNFLOWER,Sunflower,2026,9,7315,1.006
SUNFLOWER,Sunflower,2026,10,7748,1.065
SUNFLOWER,Sunflower,2026,11,8344,1.147
SUNFLOWER,Sunflower,2026,12,8386,1.153
SUGARCANE,Sugarcane,2020,1,375,1.17
SUGARCANE,Sugarcane,2020,2,330,1.029
SUGARCANE,Sugarcane,2020,3,336,1.048
SUGARCANE,Sugarcane,2020,4,294,0.919
SUGARCANE,Sugarcane,2020,5,303,0.945
SUGARCANE,Sugarcane,2020,6,259,0.807
SUGARCANE,Sugarcane,2020,7,298,0.93
SUGARCANE,Sugarcane,2020,8,294,0.919
SUGARCANE,Sugarcane,2020,9,305,0.952
SUGARCANE,Sugarcane,2020,10,330,1.032
SUGARCANE,Sugarcane,2020,11,350,1.094
SUGARCANE,Sugarcane,2020,12,370,1.155
SUGARCANE,Sugarcane,2021,1,380,1.153
SUGARCANE,Sugarcane,2021,2,342,1.039
SUGARCANE,Sugarcane,2021,3,327,0.994
SUGARCANE,Sugarcane,2021,4,335,1.019
SUGARCANE,Sugarcane,2021,5,310,0.94
SUGARCANE,Sugarcane,2021,6,285,0.864
SUGARCANE,Sugarcane,2021,7,286,0.867
SUGARCANE,Sugarcane,2021,8,305,0.926
SUGARCANE,Sugarcane,2021,9,338,1.025
SUGARCANE,Sugarcane,2021,10,334,1.015
SUGARCANE,Sugarcane,2021,11,365,1.11
SUGARCANE,Sugarcane,2021,12,345,1.049
SUGARCANE,Sugarcane,2022,1,392,1.137
SUGARCANE,Sugarcane,2022,2,378,1.095
SUGARCANE,Sugarcane,2022,3,332,0.962
SUGARCANE,Sugarcane,2022,4,339,0.984
SUGARCANE,Sugarcane,2022,5,278,0.806
SUGARCANE,Sugarcane,2022,6,268,0.777
SUGARCANE,Sugarcane,2022,7,299,0.868
SUGARCANE,Sugarcane,2022,8,331,0.96
SUGARCANE,Sugarcane,2022,9,369,1.069
SUGARCANE,Sugarcane,2022,10,357,1.036
SUGARCANE,Sugarcane,2022,11,405,1.175
SUGARCANE,Sugarcane,2022,12,390,1.132
SUGARCANE,Sugarcane,2023,1,395,1.113
SUGARCANE,Sugarcane,2023,2,396,1.115
SUGARCANE,Sugarcane,2023,3,364,1.026
SUGARCANE,Sugarcane,2023,4,301,0.846
SUGARCANE,Sugarcane,2023,5,330,0.928
SUGARCANE,Sugarcane,2023,6,321,0.903
SUGARCANE,Sugarcane,2023,7,297,0.837
SUGARCANE,Sugarcane,2023,8,333,0.937
SUGARCANE,Sugarcane,2023,9,362,1.018
SUGARCANE,Sugarcane,2023,10,384,1.082
SUGARCANE,Sugarcane,2023,11,388,1.091
SUGARCANE,Sugarcane,2023,12,392,1.104
SUGARCANE,Sugarcane,2024,1,412,1.141
SUGARCANE,Sugarcane,2024,2,416,1.151
SUGARCANE,Sugarcane,2024,3,375,1.039
SUGARCANE,Sugarcane,2024,4,332,0.918
SUGARCANE,Sugarcane,2024,5,330,0.914
SUGARCANE,Sugarcane,2024,6,266,0.737
SUGARCANE,Sugarcane,2024,7,336,0.93
SUGARCANE,Sugarcane,2024,8,309,0.854
SUGARCANE,Sugarcane,2024,9,359,0.993
SUGARCANE,Sugarcane,2024,10,371,1.026
SUGARCANE,Sugarcane,2024,11,386,1.068
SUGARCANE,Sugarcane,2024,12,445,1.23
SUGARCANE,Sugarcane,2025,1,417,1.102
SUGARCANE,Sugarcane,2025,2,413,1.092
SUGARCANE,Sugarcane,2025,3,377,0.996
SUGARCANE,Sugarcane,2025,4,358,0.946
SUGARCANE,Sugarcane,2025,5,330,0.872
SUGARCANE,Sugarcane,2025,6,301,0.795
SUGARCANE,Sugarcane,2025,7,345,0.912
SUGARCANE,Sugarcane,2025,8,341,0.901
SUGARCANE,Sugarcane,2025,9,349,0.921
SUGARCANE,Sugarcane,2025,10,398,1.051
SUGARCANE,Sugarcane,2025,11,459,1.213
SUGARCANE,Sugarcane,2025,12,453,1.197
SUGARCANE,Sugarcane,2026,1,434,1.101
SUGARCANE,Sugarcane,2026,2,413,1.047
SUGARCANE,Sugarcane,2026,3,384,0.976
SUGARCANE,Sugarcane,2026,4,399,1.012
SUGARCANE,Sugarcane,2026,5,346,0.879
SUGARCANE,Sugarcane,2026,6,339,0.861
SUGARCANE,Sugarcane,2026,7,357,0.907
SUGARCANE,Sugarcane,2026,8,366,0.928
SUGARCANE,Sugarcane,2026,9,386,0.979
SUGARCANE,Sugarcane,2026,10,416,1.055
SUGARCANE,Sugarcane,2026,11,440,1.116
SUGARCANE,Sugarcane,2026,12,448,1.138
ONION,Onion,2020,1,2714,1.434
ONION,Onion,2020,2,2766,1.461
ONION,Onion,2020,3,1886,0.996
ONION,Onion,2020,4,2525,1.334
ONION,Onion,2020,5,1131,0.598
ONION,Onion,2020,6,1566,0.828
ONION,Onion,2020,7,1103,0.583
ONION,Onion,2020,8,1010,0.534
ONION,Onion,2020,9,1682,0.889
ONION,Onion,2020,10,1652,0.873
ONION,Onion,2020,11,2149,1.135
ONION,Onion,2020,12,2531,1.337
ONION,Onion,2021,1,2776,1.318
ONION,Onion,2021,2,3371,1.6
ONION,Onion,2021,3,3299,1.566
ONION,Onion,2021,4,2068,0.982
ONION,Onion,2021,5,1722,0.818
ONION,Onion,2021,6,1476,0.701
ONION,Onion,2021,7,1427,0.677
ONION,Onion,2021,8,1327,0.63
ONION,Onion,2021,9,1452,0.689
ONION,Onion,2021,10,1905,0.904
ONION,Onion,2021,11,1697,0.806
ONION,Onion,2021,12,2759,1.31
ONION,Onion,2022,1,3508,1.644
ONION,Onion,2022,2,3081,1.444
ONION,Onion,2022,3,2915,1.366
ONION,Onion,2022,4,2032,0.952
ONION,Onion,2022,5,1886,0.884
ONION,Onion,2022,6,1170,0.548
ONION,Onion,2022,7,1132,0.53
ONION,Onion,2022,8,1492,0.699
ONION,Onion,2022,9,1889,0.885
ONION,Onion,2022,10,1644,0.77
ONION,Onion,2022,11,2902,1.36
ONION,Onion,2022,12,1952,0.915
ONION,Onion,2023,1,4120,1.734
ONION,Onion,2023,2,3401,1.431
ONION,Onion,2023,3,3402,1.432
ONION,Onion,2023,4,2801,1.179
ONION,Onion,2023,5,2219,0.934
ONION,Onion,2023,6,1717,0.722
ONION,Onion,2023,7,1442,0.607
ONION,Onion,2023,8,1122,0.472
ONION,Onion,2023,9,1770,0.745
ONION,Onion,2023,10,1370,0.576
ONION,Onion,2023,11,2556,1.076
ONION,Onion,2023,12,2597,1.093
ONION,Onion,2024,1,2670,1.152
ONION,Onion,2024,2,2598,1.121
ONION,Onion,2024,3,3274,1.413
ONION,Onion,2024,4,2968,1.281
ONION,Onion,2024,5,2512,1.084
ONION,Onion,2024,6,2236,0.965
ONION,Onion,2024,7,1419,0.612
ONION,Onion,2024,8,1505,0.65
ONION,Onion,2024,9,1526,0.658
ONION,Onion,2024,10,1671,0.721
ONION,Onion,2024,11,2929,1.264
ONION,Onion,2024,12,2495,1.077
ONION,Onion,2025,1,3665,1.339
ONION,Onion,2025,2,3989,1.457
ONION,Onion,2025,3,3367,1.23
ONION,Onion,2025,4,3807,1.39
ONION,Onion,2025,5,2512,0.917
ONION,Onion,2025,6,2039,0.745
ONION,Onion,2025,7,1538,0.562
ONION,Onion,2025,8,1408,0.514
ONION,Onion,2025,9,2089,0.763
ONION,Onion,2025,10,1525,0.557
ONION,Onion,2025,11,3329,1.216
ONION,Onion,2025,12,3588,1.311
ONION,Onion,2026,1,3062,1.277
ONION,Onion,2026,2,4320,1.802
ONION,Onion,2026,3,3237,1.351
ONION,Onion,2026,4,2523,1.053
ONION,Onion,2026,5,2025,0.845
ONION,Onion,2026,6,1755,0.732
ONION,Onion,2026,7,1243,0.518
ONION,Onion,2026,8,1674,0.698
ONION,Onion,2026,9,1712,0.714
ONION,Onion,2026,10,1624,0.678
ONION,Onion,2026,11,2636,1.1
ONION,Onion,2026,12,2951,1.231
TOMATO,Tomato,2020,1,2996,1.389
TOMATO,Tomato,2020,2,2655,1.231
TOMATO,Tomato,2020,3,2334,1.082
TOMATO,Tomato,2020,4,2282,1.058
TOMATO,Tomato,2020,5,2608,1.209
TOMATO,Tomato,2020,6,1921,0.891
TOMATO,Tomato,2020,7,1370,0.635
TOMATO,Tomato,2020,8,1348,0.625
TOMATO,Tomato,2020,9,1523,0.706
TOMATO,Tomato,2020,10,1678,0.778
TOMATO,Tomato,2020,11,2150,0.997
TOMATO,Tomato,2020,12,3019,1.4
TOMATO,Tomato,2021,1,2465,1.092
TOMATO,Tomato,2021,2,3447,1.528
TOMATO,Tomato,2021,3,2086,0.924
TOMATO,Tomato,2021,4,3772,1.672
TOMATO,Tomato,2021,5,2576,1.141
TOMATO,Tomato,2021,6,1803,0.799
TOMATO,Tomato,2021,7,1430,0.634
TOMATO,Tomato,2021,8,1439,0.638
TOMATO,Tomato,2021,9,1718,0.761
TOMATO,Tomato,2021,10,1623,0.719
TOMATO,Tomato,2021,11,1980,0.877
TOMATO,Tomato,2021,12,2742,1.215
TOMATO,Tomato,2022,1,3427,1.411
TOMATO,Tomato,2022,2,3734,1.537
TOMATO,Tomato,2022,3,3467,1.427
TOMATO,Tomato,2022,4,2290,0.943
TOMATO,Tomato,2022,5,2267,0.933
TOMATO,Tomato,2022,6,1847,0.76
TOMATO,Tomato,2022,7,1676,0.69
TOMATO,Tomato,2022,8,1530,0.63
TOMATO,Tomato,2022,9,1093,0.45
TOMATO,Tomato,2022,10,1860,0.765
TOMATO,Tomato,2022,11,2590,1.066
TOMATO,Tomato,2022,12,3372,1.388
TOMATO,Tomato,2023,1,4059,1.691
TOMATO,Tomato,2023,2,3275,1.364
TOMATO,Tomato,2023,3,3167,1.319
TOMATO,Tomato,2023,4,3032,1.263
TOMATO,Tomato,2023,5,2465,1.027
TOMATO,Tomato,2023,6,2323,0.968
TOMATO,Tomato,2023,7,1252,0.521
TOMATO,Tomato,2023,8,1686,0.702
TOMATO,Tomato,2023,9,1556,0.648
TOMATO,Tomato,2023,10,1438,0.599
TOMATO,Tomato,2023,11,2745,1.143
TOMATO,Tomato,2023,12,1808,0.753
TOMATO,Tomato,2024,1,3638,1.392
TOMATO,Tomato,2024,2,3671,1.404
TOMATO,Tomato,2024,3,3735,1.429
TOMATO,Tomato,2024,4,2615,1.0
TOMATO,Tomato,2024,5,2491,0.953
TOMATO,Tomato,2024,6,1756,0.672
TOMATO,Tomato,2024,7,1447,0.553
TOMATO,Tomato,2024,8,1924,0.736
TOMATO,Tomato,2024,9,1264,0.484
TOMATO,Tomato,2024,10,1977,0.756
TOMATO,Tomato,2024,11,2950,1.128
TOMATO,Tomato,2024,12,3901,1.492
TOMATO,Tomato,2025,1,3294,1.249
TOMATO,Tomato,2025,2,3360,1.274
TOMATO,Tomato,2025,3,3714,1.408
TOMATO,Tomato,2025,4,3910,1.483
TOMATO,Tomato,2025,5,2342,0.888
TOMATO,Tomato,2025,6,1897,0.719
TOMATO,Tomato,2025,7,1761,0.668
TOMATO,Tomato,2025,8,1628,0.617
TOMATO,Tomato,2025,9,1474,0.559
TOMATO,Tomato,2025,10,1904,0.722
TOMATO,Tomato,2025,11,2853,1.082
TOMATO,Tomato,2025,12,3510,1.331
TOMATO,Tomato,2026,1,3256,1.171
TOMATO,Tomato,2026,2,4679,1.683
TOMATO,Tomato,2026,3,3535,1.271
TOMATO,Tomato,2026,4,3547,1.276
TOMATO,Tomato,2026,5,3614,1.3
TOMATO,Tomato,2026,6,2486,0.894
TOMATO,Tomato,2026,7,1855,0.667
TOMATO,Tomato,2026,8,1761,0.634
TOMATO,Tomato,2026,9,2070,0.744
TOMATO,Tomato,2026,10,1908,0.686
TOMATO,Tomato,2026,11,1923,0.692
TOMATO,Tomato,2026,12,2732,0.983
