sample_id,crop_id,soil_type,water_level,sowing_delay_days,prev_crop_match,yield_qtl_per_acre
1,TOMATO,BLACK,3,0,1,78.42
2,MAIZE,BLACK,1,30,0,7.95
3,SOYBEAN,LOAM,2,9,1,6.6
4,MAIZE,BLACK,2,13,1,15.46
5,ONION,RED,2,7,0,36.58
6,COTTON,LOAM,1,13,1,3.93
7,JOWAR,LOAM,1,0,0,5.28
8,SUNFLOWER,BLACK,3,2,1,5.21
9,SUGARCANE,BLACK,3,14,1,273.1
10,SUGARCANE,SANDY,3,1,1,240.64
11,ONION,BLACK,1,0,1,46.33
12,MAIZE,LOAM,2,10,0,16.2
13,GROUNDNUT,BLACK,2,12,1,6.1
14,TUR,LOAM,1,1,0,3.77
15,SUGARCANE,BLACK,3,13,1,290.33
16,COTTON,BLACK,2,8,1,6.37
17,GROUNDNUT,BLACK,1,5,1,5.73
18,COTTON,LOAM,3,12,0,6.31
19,MAIZE,LOAM,3,3,1,22.57
20,MOONG,BLACK,1,1,1,3.42
21,TOMATO,BLACK,2,2,1,69.02
22,ONION,LOAM,2,4,0,45.72
23,SOYBEAN,BLACK,2,5,0,6.66
24,MAIZE,BLACK,1,11,0,12.79
25,SOYBEAN,BLACK,2,10,1,7.3
26,COTTON,BLACK,3,6,1,7.29
27,SUNFLOWER,BLACK,2,10,1,4.67
28,MAIZE,BLACK,1,1,0,17.04
29,TUR,BLACK,2,0,0,4.66
30,SUGARCANE,BLACK,2,14,1,224.35
31,COTTON,BLACK,3,0,1,7.94
32,MOONG,BLACK,2,1,1,3.67
33,GRAM,BLACK,1,8,1,5.63
34,TUR,RED,1,3,1,3.96
35,JOWAR,BLACK,3,14,1,7.07
36,URAD,BLACK,1,2,1,2.68
37,COTTON,BLACK,3,0,1,7.5
38,SUGARCANE,BLACK,1,2,0,225.43
39,COTTON,BLACK,2,6,0,5.8
40,GROUNDNUT,BLACK,2,3,0,6.33
41,MAIZE,RED,3,5,1,18.46
42,TUR,BLACK,3,14,0,5.23
43,SOYBEAN,SANDY,1,17,0,3.91
44,MAIZE,BLACK,2,2,0,19.23
45,COTTON,BLACK,1,4,1,4.71
46,TOMATO,BLACK,2,5,0,62.49
47,SOYBEAN,BLACK,2,20,1,6.58
48,WHEAT,BLACK,3,30,0,7.86
49,SUNFLOWER,LOAM,3,1,0,5.47
50,MAIZE,BLACK,2,9,1,20.35
51,URAD,CLAY,2,3,0,2.55
52,COTTON,RED,3,0,0,6.41
53,GRAM,BLACK,3,0,0,6.09
54,MAIZE,BLACK,1,4,1,16.62
55,BAJRA,BLACK,2,4,1,10.98
56,GROUNDNUT,BLACK,2,0,0,6.56
57,URAD,BLACK,1,8,0,2.17
58,SOYBEAN,BLACK,1,2,1,6.69
59,GROUNDNUT,BLACK,1,5,1,5.56
60,SOYBEAN,BLACK,2,2,1,8.53
61,COTTON,SANDY,1,1,1,4.0
62,MAIZE,LOAM,1,3,1,17.83
63,TOMATO,CLAY,1,1,1,41.72
64,BAJRA,BLACK,3,5,1,12.21
65,BAJRA,BLACK,3,1,1,11.1
66,SOYBEAN,BLACK,2,4,0,6.19
67,JOWAR,BLACK,2,1,1,7.95
68,SUGARCANE,BLACK,3,7,1,306.87
69,TOMATO,LOAM,1,9,0,39.68
70,BAJRA,LOAM,1,0,1,7.1
71,TUR,BLACK,1,4,1,4.4
72,COTTON,BLACK,1,0,1,6.05
73,ONION,BLACK,2,6,1,50.3
74,GRAM,BLACK,3,2,1,6.82
75,WHEAT,BLACK,2,5,0,10.89
76,WHEAT,BLACK,2,5,1,11.37
77,COTTON,BLACK,3,18,1,5.04
78,SOYBEAN,SANDY,1,5,0,3.87
79,GRAM,BLACK,1,6,0,4.15
80,BAJRA,LOAM,2,3,1,9.46
81,GROUNDNUT,BLACK,2,20,0,5.15
82,SOYBEAN,BLACK,1,10,1,6.17
83,GRAM,BLACK,2,2,0,5.76
84,TUR,BLACK,2,13,0,4.14
85,COTTON,BLACK,2,3,1,5.83
86,SOYBEAN,LOAM,2,12,0,6.19
87,URAD,LOAM,2,12,1,2.86
88,URAD,BLACK,1,1,1,2.29
89,URAD,BLACK,2,8,0,2.66
90,GRAM,CLAY,1,2,0,3.48
91,COTTON,BLACK,3,2,0,7.03
92,SUNFLOWER,BLACK,2,2,0,4.41
93,MAIZE,BLACK,2,9,1,18.21
94,SUNFLOWER,LOAM,3,1,1,5.52
95,TUR,SANDY,2,0,0,3.9
96,SOYBEAN,BLACK,2,8,1,6.94
97,SOYBEAN,RED,3,1,0,6.94
98,BAJRA,RED,3,0,0,8.57
99,GROUNDNUT,BLACK,2,1,0,6.98
100,COTTON,BLACK,1,3,1,5.61
101,GROUNDNUT,BLACK,2,4,1,6.6
102,TUR,SANDY,3,0,1,5.47
103,TUR,BLACK,1,24,0,2.69
104,SOYBEAN,LOAM,1,8,0,5.9
105,BAJRA,BLACK,3,2,1,11.04
106,TUR,LOAM,1,2,1,3.61
107,SOYBEAN,BLACK,3,4,1,9.22
108,MAIZE,BLACK,2,6,0,18.03
109,GRAM,RED,2,1,0,4.76
110,COTTON,RED,1,1,1,4.46
111,TOMATO,RED,3,13,1,54.59
112,ONION,BLACK,2,2,1,49.12
113,COTTON,LOAM,2,3,1,6.08
114,TUR,BLACK,2,14,1,4.82
115,COTTON,BLACK,3,7,1,7.08
116,GROUNDNUT,BLACK,3,2,1,8.65
117,SOYBEAN,BLACK,2,8,1,7.22
118,WHEAT,BLACK,2,0,1,11.98
119,SUGARCANE,SANDY,3,9,0,189.62
120,WHEAT,BLACK,2,4,0,10.34
121,URAD,LOAM,1,11,1,1.68
122,GRAM,BLACK,1,21,1,3.29
123,MAIZE,BLACK,3,18,1,17.41
124,BAJRA,BLACK,2,16,0,7.72
125,BAJRA,CLAY,2,5,0,7.21
126,SOYBEAN,RED,2,3,1,6.97
127,SOYBEAN,CLAY,1,4,0,4.0
128,SUGARCANE,SANDY,2,8,0,186.17
129,JOWAR,BLACK,1,15,0,4.0
130,TUR,BLACK,2,1,1,5.09
131,JOWAR,LOAM,2,17,0,5.08
132,TOMATO,BLACK,2,11,1,64.79
133,MAIZE,BLACK,3,26,1,15.07
134,TUR,BLACK,3,14,1,5.14
135,SUGARCANE,BLACK,3,2,1,338.97
136,SUGARCANE,BLACK,1,0,0,218.6
137,MAIZE,BLACK,1,0,0,15.21
138,SUNFLOWER,BLACK,2,2,0,4.87
139,TUR,BLACK,3,6,1,5.26
140,TUR,BLACK,3,11,0,5.23
141,SOYBEAN,BLACK,3,16,0,6.44
142,SOYBEAN,LOAM,2,6,1,7.7
143,COTTON,BLACK,2,0,0,6.8
144,TUR,BLACK,2,1,0,4.49
145,TUR,LOAM,1,0,1,4.24
146,COTTON,BLACK,1,3,1,5.0
147,GROUNDNUT,BLACK,3,4,0,6.28
148,MAIZE,LOAM,1,0,0,13.86
149,GRAM,BLACK,1,2,1,5.84
150,SOYBEAN,LOAM,1,1,0,6.18
151,GROUNDNUT,LOAM,3,7,1,8.34
152,COTTON,LOAM,2,4,0,6.01
153,TOMATO,BLACK,2,4,1,62.25
154,SOYBEAN,BLACK,3,3,0,8.09
155,SOYBEAN,BLACK,2,21,1,6.0
156,JOWAR,BLACK,2,1,0,7.43
157,MAIZE,BLACK,1,5,1,15.25
158,MAIZE,BLACK,1,9,0,12.09
159,ONION,BLACK,3,5,0,64.49
160,MAIZE,BLACK,3,18,1,17.32
161,JOWAR,BLACK,2,3,1,7.37
162,GROUNDNUT,BLACK,2,4,1,7.09
163,TUR,LOAM,2,0,1,5.33
164,GROUNDNUT,BLACK,1,6,1,5.62
165,SOYBEAN,BLACK,1,2,1,7.32
166,TUR,CLAY,1,1,1,3.74
167,SOYBEAN,BLACK,1,5,1,5.74
168,SOYBEAN,BLACK,3,5,0,7.98
169,ONION,BLACK,1,0,1,41.6
170,SOYBEAN,LOAM,1,8,1,6.37
171,MOONG,BLACK,2,6,0,3.63
172,WHEAT,BLACK,3,1,1,13.91
173,BAJRA,BLACK,1,4,0,6.71
174,ONION,RED,1,8,1,29.14
175,SOYBEAN,BLACK,2,5,0,7.12
176,COTTON,BLACK,3,3,0,7.04
177,TOMATO,RED,2,2,1,56.31
178,URAD,BLACK,3,6,1,3.5
179,ONION,RED,3,19,1,34.74
180,SOYBEAN,BLACK,3,7,1,8.49
181,WHEAT,RED,2,0,1,8.48
182,MAIZE,BLACK,2,4,0,16.66
183,COTTON,LOAM,1,15,1,3.93
184,TOMATO,CLAY,3,0,1,71.94
185,MAIZE,BLACK,2,30,1,10.86
186,COTTON,BLACK,1,20,0,3.67
187,MAIZE,BLACK,2,0,1,21.5
188,URAD,BLACK,1,18,0,2.14
189,TUR,BLACK,2,3,1,6.01
190,TOMATO,BLACK,2,13,1,56.41
191,GRAM,BLACK,2,3,1,5.66
192,BAJRA,BLACK,3,4,1,10.68
193,SOYBEAN,BLACK,1,7,0,5.52
194,MAIZE,LOAM,2,10,1,16.46
195,MAIZE,BLACK,2,0,1,22.06
196,MAIZE,BLACK,2,6,0,18.28
197,SUGARCANE,BLACK,3,1,1,361.07
198,URAD,BLACK,2,2,0,3.46
199,MOONG,BLACK,2,2,1,4.41
200,SOYBEAN,BLACK,1,4,1,6.49
201,SUGARCANE,BLACK,3,2,1,369.36
202,COTTON,RED,2,0,0,5.22
203,SOYBEAN,BLACK,3,1,0,9.43
204,COTTON,LOAM,1,0,1,5.79
205,MOONG,LOAM,1,4,1,3.13
206,SOYBEAN,LOAM,2,21,0,5.04
207,TUR,CLAY,3,0,0,4.64
208,TUR,BLACK,2,20,0,3.27
209,MAIZE,BLACK,3,9,1,20.69
210,TOMATO,RED,2,7,1,60.13
211,SUGARCANE,BLACK,2,7,1,268.83
212,COTTON,BLACK,1,12,1,4.89
213,TUR,LOAM,3,0,1,6.59
214,WHEAT,LOAM,1,4,1,8.8
215,COTTON,CLAY,3,8,0,5.72
216,MOONG,SANDY,3,6,1,2.36
217,SOYBEAN,LOAM,3,12,1,6.68
218,TUR,BLACK,2,0,1,5.3
219,SUNFLOWER,RED,2,8,1,3.69
220,TUR,BLACK,3,5,1,6.17
221,SOYBEAN,BLACK,1,3,1,6.68
222,GROUNDNUT,RED,2,2,1,6.36
223,MAIZE,BLACK,1,6,0,15.16
224,MAIZE,BLACK,2,15,1,15.12
225,MAIZE,BLACK,1,4,1,14.66
226,BAJRA,RED,1,12,0,5.72
227,GROUNDNUT,BLACK,2,3,1,6.78
228,TUR,LOAM,2,0,1,4.75
229,MAIZE,BLACK,2,0,0,20.94
230,SUGARCANE,LOAM,1,0,1,266.12
231,SUGARCANE,LOAM,2,3,1,314.24
232,SUGARCANE,BLACK,1,2,1,248.1
233,MAIZE,BLACK,2,8,0,17.95
234,TUR,BLACK,2,9,1,5.49
235,TOMATO,SANDY,2,0,0,46.08
236,GROUNDNUT,LOAM,3,1,1,8.66
237,SOYBEAN,CLAY,2,2,1,6.8
238,SOYBEAN,BLACK,3,5,1,9.43
239,TUR,LOAM,2,1,0,5.0
240,ONION,LOAM,2,1,0,50.17
241,MOONG,LOAM,2,20,0,2.47
242,TUR,SANDY,1,11,0,2.38
243,SOYBEAN,BLACK,2,1,1,9.19
244,COTTON,BLACK,2,3,1,6.06
245,SUNFLOWER,LOAM,2,3,1,5.27
246,WHEAT,LOAM,1,10,1,8.08
247,GROUNDNUT,BLACK,1,4,0,5.79
248,TOMATO,BLACK,3,0,0,80.28
249,MAIZE,BLACK,2,9,0,17.39
250,MOONG,BLACK,1,3,1,3.22
251,JOWAR,BLACK,2,2,1,7.94
252,GROUNDNUT,LOAM,2,3,0,5.24
253,URAD,LOAM,3,4,0,3.32
254,COTTON,BLACK,1,2,1,4.96
255,GROUNDNUT,BLACK,1,1,1,6.11
256,WHEAT,BLACK,3,3,1,12.15
257,ONION,BLACK,1,0,1,39.1
258,MOONG,LOAM,1,10,0,2.72
259,MAIZE,CLAY,3,1,1,21.04
260,COTTON,BLACK,2,0,1,6.86
261,GROUNDNUT,LOAM,1,7,0,4.86
262,JOWAR,RED,1,10,1,4.59
263,SUGARCANE,RED,1,11,1,187.01
264,ONION,BLACK,1,4,0,35.34
265,JOWAR,SANDY,3,1,1,7.18
266,TOMATO,BLACK,2,9,0,54.89
267,SOYBEAN,BLACK,3,8,0,7.43
268,MAIZE,BLACK,3,1,1,23.68
269,MAIZE,BLACK,2,16,0,14.07
270,ONION,BLACK,1,0,1,44.34
271,COTTON,BLACK,2,28,1,3.81
272,MAIZE,BLACK,3,13,0,18.44
273,TUR,RED,3,8,1,5.33
274,GRAM,RED,1,19,1,2.89
275,SOYBEAN,BLACK,2,8,1,7.28
276,ONION,RED,2,1,1,45.84
277,SUNFLOWER,RED,3,4,0,4.26
278,TUR,LOAM,1,0,1,4.61
279,TOMATO,BLACK,2,3,1,70.22
280,WHEAT,LOAM,3,9,1,12.5
281,TOMATO,CLAY,2,3,0,48.26
282,COTTON,LOAM,2,2,1,5.85
283,COTTON,BLACK,1,6,0,4.59
284,MAIZE,BLACK,1,14,1,12.59
285,ONION,LOAM,2,0,1,52.43
286,TUR,BLACK,3,3,1,5.63
287,MAIZE,BLACK,1,1,1,20.2
288,SOYBEAN,BLACK,2,8,0,7.47
289,URAD,RED,2,0,0,2.76
290,MOONG,RED,1,7,0,2.42
291,COTTON,BLACK,2,2,0,5.32
292,ONION,SANDY,3,1,0,49.01
293,SOYBEAN,BLACK,3,19,1,6.47
294,COTTON,LOAM,2,0,1,6.46
295,MAIZE,LOAM,2,4,0,14.78
296,SUGARCANE,RED,1,0,1,222.53
297,SUNFLOWER,CLAY,3,4,1,4.22
298,MOONG,BLACK,1,4,1,3.07
299,COTTON,RED,3,2,1,6.15
300,JOWAR,BLACK,1,0,0,5.45
301,TUR,LOAM,3,3,1,5.52
302,SUNFLOWER,LOAM,3,7,1,5.19
303,TUR,LOAM,3,10,0,4.33
304,BAJRA,BLACK,1,5,0,6.91
305,TUR,RED,2,6,0,4.29
306,SUNFLOWER,BLACK,2,1,0,5.78
307,BAJRA,BLACK,3,2,1,12.08
308,MAIZE,LOAM,1,1,1,14.98
309,COTTON,BLACK,3,2,0,6.76
310,SUNFLOWER,RED,3,1,1,5.04
311,SOYBEAN,BLACK,1,5,1,6.15
312,MAIZE,BLACK,3,5,0,21.9
313,SOYBEAN,RED,2,20,0,4.66
314,BAJRA,BLACK,2,1,0,10.26
315,TUR,BLACK,2,7,0,4.59
316,COTTON,LOAM,2,11,0,5.54
317,COTTON,BLACK,3,5,0,6.55
318,GRAM,LOAM,2,2,1,5.24
319,BAJRA,BLACK,2,2,1,12.03
320,SUGARCANE,RED,2,0,0,205.69
321,TUR,RED,3,2,0,4.64
322,TOMATO,LOAM,1,9,1,44.96
323,COTTON,BLACK,3,0,1,9.37
324,SOYBEAN,RED,2,1,1,8.01
325,COTTON,LOAM,1,8,1,5.26
326,BAJRA,LOAM,1,10,0,6.25
327,COTTON,BLACK,2,4,0,7.09
328,SOYBEAN,RED,3,8,1,7.32
329,MAIZE,LOAM,2,3,0,19.01
330,SUGARCANE,BLACK,3,1,1,349.71
331,MAIZE,BLACK,1,3,1,16.44
332,SUGARCANE,RED,2,6,1,233.44
333,JOWAR,BLACK,3,20,0,5.7
334,COTTON,SANDY,3,0,1,6.13
335,COTTON,LOAM,1,4,1,5.16
336,TUR,LOAM,2,2,0,4.84
337,JOWAR,BLACK,1,4,0,6.28
338,MAIZE,BLACK,2,0,1,16.11
339,SOYBEAN,CLAY,3,2,1,7.86
340,JOWAR,BLACK,3,11,1,7.95
341,COTTON,LOAM,1,5,0,4.96
342,ONION,BLACK,3,4,1,56.11
343,SUGARCANE,BLACK,2,2,1,303.73
344,GROUNDNUT,BLACK,2,2,1,7.83
345,GROUNDNUT,BLACK,2,3,1,8.0
346,COTTON,SANDY,2,12,1,4.12
347,MAIZE,BLACK,2,23,1,14.13
348,ONION,BLACK,2,4,0,51.79
349,COTTON,BLACK,2,3,1,5.44
350,URAD,BLACK,1,13,1,2.19
351,SOYBEAN,BLACK,3,3,0,9.33
352,TUR,RED,2,5,1,4.89
353,TUR,BLACK,1,1,1,4.8
354,SUGARCANE,BLACK,3,9,0,268.53
355,MOONG,BLACK,3,5,0,3.56
356,WHEAT,SANDY,3,11,1,8.35
357,TOMATO,BLACK,2,10,0,61.87
358,SOYBEAN,BLACK,1,1,1,6.4
359,TUR,LOAM,2,8,0,4.44
360,SOYBEAN,BLACK,1,11,1,5.37
361,COTTON,BLACK,3,2,0,7.43
362,ONION,BLACK,1,1,0,37.46
363,JOWAR,LOAM,1,0,1,6.11
364,SUGARCANE,BLACK,2,4,1,250.53
365,JOWAR,RED,2,3,0,5.15
366,ONION,LOAM,3,5,0,48.54
367,GROUNDNUT,BLACK,2,1,1,6.59
368,SUNFLOWER,BLACK,1,13,1,4.06
369,SOYBEAN,BLACK,1,2,1,5.54
370,TOMATO,LOAM,2,1,1,61.66
371,COTTON,BLACK,1,4,1,5.29
372,JOWAR,BLACK,2,4,1,7.23
373,SUNFLOWER,BLACK,2,1,1,4.74
374,JOWAR,SANDY,3,2,1,6.05
375,SUGARCANE,BLACK,3,1,0,292.03
376,SOYBEAN,CLAY,3,8,0,6.16
377,COTTON,BLACK,3,10,0,7.05
378,MOONG,BLACK,1,4,0,2.82
379,SOYBEAN,BLACK,1,8,0,6.06
380,MAIZE,BLACK,2,9,1,19.01
381,SOYBEAN,BLACK,3,1,1,10.19
382,TUR,BLACK,3,23,1,3.3
383,JOWAR,CLAY,3,12,0,5.43
384,GRAM,RED,1,1,0,4.29
385,JOWAR,LOAM,3,1,1,8.04
386,JOWAR,BLACK,2,0,0,8.31
387,COTTON,BLACK,1,1,1,6.19
388,SOYBEAN,BLACK,2,9,1,6.96
389,ONION,LOAM,1,4,0,34.06
390,SUGARCANE,CLAY,2,10,0,181.49
391,COTTON,BLACK,2,9,1,5.64
392,GRAM,BLACK,2,6,1,5.05
393,ONION,BLACK,2,8,1,48.06
394,MAIZE,BLACK,3,0,1,21.2
395,SOYBEAN,BLACK,2,2,0,7.82
396,MAIZE,LOAM,2,7,1,18.86
397,GROUNDNUT,LOAM,3,0,0,6.44
398,SOYBEAN,BLACK,3,0,0,9.82
399,GRAM,BLACK,1,13,1,4.22
400,TOMATO,SANDY,2,8,1,49.25
401,SUGARCANE,BLACK,1,2,0,211.24
402,MOONG,BLACK,1,8,0,2.75
403,SOYBEAN,BLACK,2,11,0,7.0
404,SUGARCANE,BLACK,3,2,0,309.88
405,GRAM,BLACK,1,0,0,5.38
406,SOYBEAN,RED,3,18,1,5.92
407,SOYBEAN,BLACK,3,2,1,10.06
408,ONION,BLACK,3,0,1,61.41
409,COTTON,LOAM,1,4,1,5.25
410,SUNFLOWER,BLACK,3,10,1,4.42
411,SUGARCANE,RED,2,1,1,265.53
412,URAD,RED,2,2,1,2.73
413,TUR,BLACK,1,1,0,3.95
414,TUR,LOAM,1,30,1,2.79
415,JOWAR,BLACK,3,1,1,8.71
416,TUR,SANDY,2,5,1,3.65
417,GROUNDNUT,BLACK,1,18,1,4.34
418,GRAM,SANDY,1,1,1,3.34
419,ONION,LOAM,2,24,1,35.78
420,TUR,BLACK,1,20,0,2.85
421,GRAM,BLACK,3,15,1,5.65
422,COTTON,SANDY,1,1,0,4.23
423,GRAM,RED,1,7,0,3.39
424,COTTON,BLACK,2,10,0,5.6
425,MAIZE,LOAM,2,29,1,10.4
426,TUR,BLACK,2,1,0,6.2
427,SOYBEAN,BLACK,2,10,1,7.64
428,WHEAT,BLACK,3,2,0,12.3
429,TUR,BLACK,2,1,1,5.29
430,COTTON,RED,1,3,1,4.52
431,TOMATO,BLACK,2,11,0,52.61
432,GRAM,RED,3,4,0,5.95
433,COTTON,BLACK,2,5,1,5.73
434,TUR,BLACK,1,30,1,2.6
435,COTTON,BLACK,3,3,1,7.44
436,SOYBEAN,BLACK,2,6,0,6.93
437,MAIZE,BLACK,2,3,1,19.99
438,BAJRA,BLACK,1,3,1,8.17
439,TUR,BLACK,1,8,0,4.05
440,SOYBEAN,BLACK,2,19,1,6.27
441,SOYBEAN,BLACK,1,5,0,6.02
442,JOWAR,BLACK,2,10,1,5.1
443,TOMATO,RED,2,0,1,61.28
444,BAJRA,CLAY,1,1,0,5.57
445,TUR,BLACK,3,4,0,5.91
446,MAIZE,BLACK,3,0,0,24.68
447,GRAM,BLACK,3,2,1,6.29
448,JOWAR,SANDY,1,5,1,4.4
449,MAIZE,BLACK,1,0,1,16.45
450,TUR,BLACK,2,2,1,6.1
451,SOYBEAN,BLACK,1,5,0,5.87
452,SOYBEAN,BLACK,3,5,1,10.0
453,MAIZE,BLACK,1,18,1,13.03
454,SOYBEAN,LOAM,2,7,1,7.25
455,SOYBEAN,BLACK,2,3,0,7.39
456,BAJRA,LOAM,2,18,0,7.18
457,SUNFLOWER,BLACK,1,10,1,3.16
458,URAD,BLACK,2,1,1,3.49
459,TUR,CLAY,1,0,0,3.51
460,JOWAR,BLACK,3,7,1,8.52
461,ONION,RED,1,5,1,33.46
462,WHEAT,BLACK,3,10,0,10.04
463,SOYBEAN,BLACK,3,9,1,8.22
464,GRAM,SANDY,1,6,1,3.14
465,SOYBEAN,BLACK,3,30,0,4.07
466,BAJRA,RED,1,5,1,7.19
467,TUR,BLACK,3,0,1,6.8
468,SUGARCANE,RED,2,12,1,222.7
469,TUR,BLACK,2,2,0,5.64
470,COTTON,BLACK,2,10,0,5.08
471,TOMATO,LOAM,1,22,1,32.46
472,SOYBEAN,CLAY,3,8,0,6.27
473,JOWAR,CLAY,1,6,1,4.7
474,WHEAT,RED,2,4,0,8.45
475,TUR,RED,2,3,0,4.24
476,WHEAT,BLACK,3,3,1,12.72
477,ONION,BLACK,1,7,1,32.99
478,COTTON,BLACK,2,9,1,5.73
479,GRAM,BLACK,2,7,0,4.61
480,JOWAR,BLACK,3,1,1,9.03
481,SUNFLOWER,BLACK,1,4,0,3.54
482,TOMATO,BLACK,1,10,1,53.31
483,SUNFLOWER,LOAM,1,4,1,4.35
484,SOYBEAN,BLACK,3,5,0,8.52
485,COTTON,BLACK,1,10,1,4.18
486,SOYBEAN,BLACK,2,7,0,7.71
487,MAIZE,LOAM,1,3,1,17.65
488,SOYBEAN,LOAM,3,15,1,7.0
489,GRAM,LOAM,3,1,1,7.24
490,COTTON,BLACK,2,30,1,3.61
491,SOYBEAN,BLACK,2,0,0,6.54
492,WHEAT,BLACK,1,0,0,8.71
493,TUR,BLACK,1,15,0,3.8
494,BAJRA,BLACK,1,1,1,7.5
495,SOYBEAN,BLACK,2,9,1,7.23
496,WHEAT,BLACK,2,11,0,9.49
497,GROUNDNUT,SANDY,3,13,1,4.92
498,SOYBEAN,SANDY,2,30,0,3.06
499,SOYBEAN,BLACK,2,2,0,7.5
500,BAJRA,BLACK,2,8,1,8.87
501,TOMATO,BLACK,2,0,1,62.39
502,COTTON,BLACK,1,3,1,5.46
503,COTTON,CLAY,2,13,0,4.53
504,BAJRA,BLACK,2,3,1,10.79
505,GRAM,LOAM,3,6,0,5.21
506,SOYBEAN,BLACK,3,4,0,7.39
507,COTTON,SANDY,2,7,1,4.5
508,ONION,BLACK,1,25,1,30.39
509,GRAM,LOAM,2,0,0,5.66
510,SUGARCANE,BLACK,2,5,0,276.87
511,COTTON,LOAM,1,13,1,4.6
512,SOYBEAN,BLACK,3,4,0,8.49
513,ONION,BLACK,3,0,1,60.58
514,SOYBEAN,CLAY,3,5,1,7.59
515,MOONG,CLAY,1,2,0,2.27
516,SOYBEAN,RED,3,1,1,7.05
517,SOYBEAN,LOAM,3,13,1,7.69
518,TUR,RED,2,5,0,4.55
519,JOWAR,BLACK,2,18,1,5.26
520,TUR,BLACK,3,11,0,5.32
521,URAD,BLACK,2,8,1,3.51
522,SOYBEAN,LOAM,2,0,0,7.31
523,SOYBEAN,BLACK,2,3,1,7.46
524,URAD,BLACK,2,1,0,3.22
525,BAJRA,BLACK,1,16,0,5.78
526,COTTON,RED,3,1,1,6.21
527,COTTON,BLACK,2,2,0,6.34
528,SUGARCANE,BLACK,2,5,0,228.48
529,COTTON,BLACK,1,2,0,4.43
530,TUR,BLACK,2,1,0,5.19
531,COTTON,BLACK,1,6,1,5.1
532,JOWAR,LOAM,1,0,1,6.33
533,JOWAR,LOAM,2,0,0,7.96
534,GROUNDNUT,LOAM,2,3,1,6.84
535,TUR,BLACK,2,8,1,5.27
536,GROUNDNUT,RED,1,5,1,4.44
537,SUNFLOWER,BLACK,2,3,0,4.92
538,SUGARCANE,BLACK,1,5,1,223.28
539,ONION,RED,3,3,1,48.98
540,TUR,BLACK,2,19,1,4.05
541,JOWAR,BLACK,2,0,1,8.57
542,GRAM,RED,2,7,0,3.86
543,WHEAT,BLACK,1,15,1,6.39
544,GRAM,LOAM,3,11,1,5.46
545,COTTON,BLACK,1,1,1,5.74
546,COTTON,LOAM,2,2,0,5.89
547,WHEAT,BLACK,2,8,1,11.91
548,MAIZE,BLACK,1,0,1,17.88
549,TUR,LOAM,3,11,1,4.92
550,SOYBEAN,BLACK,2,8,1,5.99
551,ONION,BLACK,1,9,1,36.66
552,BAJRA,BLACK,1,0,0,8.6
553,MAIZE,BLACK,1,8,1,14.73
554,SOYBEAN,BLACK,3,7,0,7.84
555,COTTON,BLACK,2,12,1,5.82
556,COTTON,CLAY,1,0,0,3.89
557,BAJRA,BLACK,1,0,1,9.07
558,SOYBEAN,BLACK,2,3,1,9.03
559,WHEAT,BLACK,2,1,1,11.97
560,JOWAR,BLACK,2,5,0,6.13
561,COTTON,CLAY,2,17,1,4.17
562,GRAM,BLACK,1,3,0,3.64
563,BAJRA,SANDY,2,13,0,6.02
564,MAIZE,BLACK,3,0,0,22.88
565,TOMATO,LOAM,1,1,1,61.12
566,TUR,BLACK,2,0,1,5.63
567,COTTON,RED,2,2,1,5.84
568,SOYBEAN,BLACK,2,16,1,5.92
569,TUR,BLACK,1,0,0,4.18
570,SOYBEAN,BLACK,3,6,1,7.59
571,TUR,BLACK,2,4,0,4.87
572,TOMATO,CLAY,2,19,0,37.05
573,WHEAT,BLACK,2,0,0,11.61
574,SOYBEAN,BLACK,1,1,1,6.4
575,SOYBEAN,LOAM,1,0,1,6.54
576,WHEAT,BLACK,3,3,0,11.97
577,MAIZE,SANDY,1,2,1,12.24
578,SOYBEAN,LOAM,2,14,1,6.31
579,GROUNDNUT,BLACK,2,6,0,6.28
580,TUR,RED,2,6,1,4.69
581,JOWAR,BLACK,2,5,1,7.26
582,ONION,BLACK,2,0,1,51.32
583,SOYBEAN,BLACK,1,4,1,6.34
584,TOMATO,BLACK,2,30,1,36.51
585,JOWAR,LOAM,2,12,0,5.51
586,ONION,CLAY,2,15,1,39.01
587,GRAM,BLACK,1,12,1,3.83
588,SUNFLOWER,BLACK,2,0,0,4.75
589,TOMATO,SANDY,1,1,1,41.23
590,JOWAR,BLACK,1,0,1,6.35
591,TOMATO,BLACK,1,2,0,50.04
592,WHEAT,BLACK,3,0,1,14.31
593,WHEAT,CLAY,1,4,1,6.71
594,BAJRA,BLACK,1,7,0,7.7
595,MOONG,LOAM,1,14,0,2.35
596,MAIZE,RED,1,9,0,10.53
597,URAD,BLACK,2,19,1,2.06
598,MOONG,BLACK,1,0,1,2.99
599,GROUNDNUT,RED,1,0,1,5.1
600,SUGARCANE,BLACK,2,7,0,305.96
601,TUR,LOAM,2,2,0,5.06
602,JOWAR,CLAY,3,2,0,5.63
603,MAIZE,LOAM,2,2,1,18.39
604,MAIZE,LOAM,1,2,1,15.86
605,SOYBEAN,RED,2,5,1,6.71
606,BAJRA,RED,1,4,0,5.68
607,JOWAR,BLACK,2,5,1,7.25
608,TOMATO,BLACK,2,7,1,59.39
609,URAD,BLACK,1,3,0,2.31
610,BAJRA,LOAM,2,2,1,9.93
611,GRAM,BLACK,3,1,0,6.74
612,SOYBEAN,LOAM,3,3,0,8.46
613,TUR,BLACK,2,9,0,4.76
614,GRAM,LOAM,2,9,1,4.86
615,TUR,BLACK,1,7,1,4.43
616,WHEAT,LOAM,1,1,0,8.89
617,TOMATO,BLACK,2,6,0,59.57
618,ONION,BLACK,2,5,1,46.45
619,GRAM,BLACK,3,4,1,6.32
620,URAD,LOAM,2,5,1,3.11
621,GRAM,BLACK,2,4,0,6.37
622,MAIZE,BLACK,2,5,0,18.41
623,WHEAT,SANDY,3,8,0,8.09
624,SOYBEAN,LOAM,2,0,0,6.82
625,TUR,SANDY,2,9,1,3.56
626,MOONG,BLACK,2,1,1,4.58
627,MAIZE,BLACK,3,0,1,23.23
628,TOMATO,RED,1,26,1,32.03
629,ONION,BLACK,3,22,0,35.87
630,COTTON,LOAM,2,0,0,6.12
631,MOONG,BLACK,2,4,1,3.96
632,SUGARCANE,BLACK,2,1,0,266.34
633,SOYBEAN,BLACK,2,4,0,6.86
634,GROUNDNUT,BLACK,1,12,0,5.23
635,SOYBEAN,BLACK,3,21,0,6.46
636,GROUNDNUT,BLACK,2,7,0,6.55
637,JOWAR,SANDY,2,3,1,6.03
638,SUGARCANE,BLACK,1,6,1,237.75
639,TOMATO,LOAM,2,2,0,69.32
640,SOYBEAN,RED,2,16,0,4.99
641,TUR,BLACK,2,14,1,4.73
642,TOMATO,BLACK,2,5,0,52.96
643,TUR,LOAM,2,2,0,4.53
644,SUGARCANE,LOAM,3,2,0,268.22
645,GRAM,LOAM,2,0,0,5.93
646,WHEAT,LOAM,3,11,1,8.84
647,JOWAR,SANDY,1,4,1,4.42
648,MAIZE,BLACK,2,2,0,14.33
649,GROUNDNUT,BLACK,2,4,0,6.04
650,WHEAT,LOAM,2,11,0,8.64
651,TUR,BLACK,3,0,0,6.64
652,TUR,RED,1,13,1,3.3
653,URAD,BLACK,1,15,1,2.08
654,SUGARCANE,BLACK,3,20,1,265.89
655,TOMATO,RED,1,3,1,46.82
656,WHEAT,BLACK,2,1,1,12.17
657,SUNFLOWER,BLACK,2,3,1,4.56
658,GROUNDNUT,BLACK,3,2,0,6.98
659,URAD,RED,1,1,0,2.07
660,TOMATO,BLACK,1,6,1,52.61
661,MAIZE,RED,2,4,0,15.62
662,SOYBEAN,BLACK,3,14,1,8.43
663,SUGARCANE,LOAM,2,0,1,301.61
664,TUR,RED,2,7,1,3.41
665,SUGARCANE,BLACK,2,10,0,245.92
666,ONION,BLACK,3,9,1,45.88
667,SOYBEAN,BLACK,3,15,0,6.25
668,ONION,LOAM,3,9,1,46.1
669,TUR,BLACK,1,18,0,2.98
670,TUR,LOAM,1,2,1,3.84
671,GRAM,BLACK,2,4,1,5.88
672,ONION,BLACK,3,0,1,53.23
673,SOYBEAN,BLACK,1,0,1,7.04
674,TUR,BLACK,1,1,1,5.43
675,COTTON,BLACK,3,0,1,6.97
676,COTTON,RED,1,2,1,4.53
677,COTTON,LOAM,2,1,0,4.72
678,SOYBEAN,BLACK,2,0,1,8.16
679,JOWAR,SANDY,2,16,1,4.75
680,BAJRA,LOAM,3,0,1,12.06
681,SUNFLOWER,CLAY,2,9,0,3.47
682,JOWAR,BLACK,2,1,1,8.36
683,MAIZE,BLACK,2,17,0,17.42
684,TOMATO,BLACK,2,15,0,57.07
685,SOYBEAN,LOAM,2,7,1,6.81
686,TOMATO,BLACK,1,7,0,41.92
687,COTTON,BLACK,1,0,0,5.0
688,SUNFLOWER,BLACK,1,29,1,2.26
689,JOWAR,BLACK,1,14,0,4.88
690,SOYBEAN,LOAM,2,15,0,5.13
691,COTTON,BLACK,3,7,0,6.39
692,SUGARCANE,BLACK,3,2,1,362.26
693,COTTON,LOAM,3,15,1,5.7
694,SOYBEAN,SANDY,2,2,1,5.62
695,GROUNDNUT,LOAM,2,5,0,6.62
696,GROUNDNUT,CLAY,2,0,0,4.79
697,COTTON,LOAM,1,17,0,3.56
698,GROUNDNUT,BLACK,1,1,1,6.01
699,SUGARCANE,BLACK,2,1,1,303.77
700,GRAM,LOAM,3,5,0,5.74
701,SOYBEAN,LOAM,1,10,0,5.33
702,TUR,LOAM,1,6,0,3.71
703,SOYBEAN,BLACK,3,1,1,9.08
704,WHEAT,BLACK,1,0,1,9.75
705,WHEAT,BLACK,3,9,1,11.52
706,SOYBEAN,BLACK,3,29,1,5.71
707,BAJRA,BLACK,3,11,1,9.5
708,SOYBEAN,RED,2,4,0,6.56
709,SUNFLOWER,BLACK,2,16,0,3.7
710,TOMATO,BLACK,2,3,1,64.43
711,SOYBEAN,BLACK,2,5,1,8.12
712,TOMATO,LOAM,2,4,1,59.21
713,MOONG,BLACK,1,4,1,3.2
714,JOWAR,BLACK,2,10,1,6.85
715,SOYBEAN,BLACK,2,5,1,7.36
716,TUR,BLACK,3,2,1,6.57
717,GROUNDNUT,CLAY,3,2,1,7.06
718,COTTON,CLAY,2,0,0,5.66
719,SOYBEAN,BLACK,1,6,1,6.71
720,SOYBEAN,BLACK,3,1,1,9.73
721,WHEAT,LOAM,2,1,0,9.65
722,JOWAR,BLACK,3,7,1,9.63
723,MAIZE,BLACK,3,8,1,18.75
724,JOWAR,BLACK,1,9,0,5.55
725,SUNFLOWER,CLAY,3,4,1,4.78
726,ONION,BLACK,1,15,0,27.91
727,WHEAT,BLACK,2,19,1,8.72
728,ONION,LOAM,2,11,1,41.62
729,BAJRA,BLACK,1,7,0,7.86
730,TUR,BLACK,3,2,0,5.47
731,MAIZE,SANDY,1,28,1,7.36
732,COTTON,BLACK,1,2,0,4.08
733,TOMATO,LOAM,2,1,0,69.02
734,GRAM,BLACK,3,4,1,6.02
735,BAJRA,BLACK,3,0,0,11.33
736,COTTON,BLACK,3,26,0,4.34
737,SOYBEAN,BLACK,2,6,1,7.55
738,ONION,BLACK,2,5,1,52.0
739,TUR,RED,1,7,1,4.04
740,TUR,BLACK,1,4,1,4.49
741,GRAM,BLACK,2,0,0,5.96
742,GRAM,BLACK,2,6,0,5.29
743,SOYBEAN,LOAM,2,8,0,6.95
744,COTTON,BLACK,3,3,1,7.17
745,MAIZE,BLACK,2,9,1,19.84
746,COTTON,BLACK,1,1,1,6.02
747,SUNFLOWER,BLACK,1,1,1,4.62
748,SUNFLOWER,BLACK,3,1,1,5.6
749,URAD,RED,3,3,0,2.95
750,MOONG,BLACK,3,13,1,3.69
751,SOYBEAN,BLACK,1,12,0,4.59
752,GROUNDNUT,BLACK,3,3,0,8.42
753,JOWAR,RED,1,6,1,5.01
754,TUR,BLACK,1,8,1,4.21
755,JOWAR,BLACK,3,1,1,8.46
756,SOYBEAN,BLACK,1,1,1,6.02
757,GRAM,BLACK,2,25,0,3.37
758,SOYBEAN,BLACK,1,6,1,6.33
759,COTTON,BLACK,2,27,1,4.3
760,JOWAR,BLACK,3,2,0,8.14
761,SOYBEAN,BLACK,2,8,1,7.56
762,TUR,BLACK,2,1,1,5.48
763,SOYBEAN,BLACK,1,2,1,6.9
764,JOWAR,BLACK,2,5,1,8.2
765,COTTON,LOAM,2,2,1,6.68
766,SOYBEAN,SANDY,1,1,1,5.38
767,SUGARCANE,SANDY,2,2,0,210.99
768,SOYBEAN,RED,1,0,0,4.71
769,MAIZE,LOAM,3,8,0,16.92
770,COTTON,LOAM,2,4,0,5.84
771,JOWAR,BLACK,1,0,1,6.47
772,SOYBEAN,LOAM,2,1,1,8.1
773,BAJRA,BLACK,2,0,0,11.02
774,JOWAR,BLACK,3,6,0,7.97
775,SUGARCANE,LOAM,3,0,0,336.71
776,JOWAR,BLACK,2,9,1,6.9
777,GROUNDNUT,BLACK,3,0,1,7.95
778,ONION,CLAY,2,2,1,41.8
779,TUR,BLACK,1,15,1,3.39
780,ONION,BLACK,2,8,0,48.08
781,WHEAT,CLAY,2,0,0,9.88
782,TOMATO,LOAM,2,12,0,52.56
783,SOYBEAN,BLACK,3,4,0,9.03
784,COTTON,BLACK,2,13,1,4.63
785,TUR,BLACK,3,6,1,6.19
786,WHEAT,RED,3,8,1,9.37
787,COTTON,BLACK,2,30,1,3.77
788,COTTON,BLACK,2,1,0,6.07
789,SOYBEAN,BLACK,2,6,0,7.37
790,MAIZE,BLACK,3,4,1,22.97
791,COTTON,SANDY,2,0,1,5.7
792,COTTON,BLACK,1,0,0,4.92
793,TOMATO,LOAM,2,0,1,70.67
794,GROUNDNUT,BLACK,2,7,1,6.78
795,TOMATO,LOAM,1,5,1,43.99
796,COTTON,CLAY,1,5,1,3.95
797,JOWAR,BLACK,2,0,1,7.83
798,SOYBEAN,BLACK,2,4,1,8.56
799,GROUNDNUT,BLACK,2,18,1,5.66
800,COTTON,LOAM,1,3,1,4.62
801,SOYBEAN,BLACK,1,6,0,5.66
802,BAJRA,RED,2,10,1,8.86
803,TOMATO,LOAM,2,10,0,52.77
804,TUR,RED,1,5,0,3.3
805,TUR,LOAM,2,13,1,4.55
806,TUR,BLACK,2,3,1,5.8
807,MAIZE,BLACK,1,15,0,11.87
808,BAJRA,BLACK,1,1,0,8.14
809,BAJRA,CLAY,1,2,0,6.16
810,SOYBEAN,LOAM,3,0,1,9.54
811,GROUNDNUT,LOAM,3,11,0,6.29
812,WHEAT,BLACK,3,3,0,12.77
813,SUNFLOWER,BLACK,3,1,1,5.55
814,SUGARCANE,LOAM,2,1,0,247.73
815,MAIZE,BLACK,2,16,1,17.27
816,COTTON,BLACK,2,12,1,5.59
817,TUR,LOAM,1,5,0,3.87
818,ONION,BLACK,2,6,1,46.87
819,MAIZE,BLACK,3,4,1,24.18
820,COTTON,BLACK,2,3,1,6.24
821,GRAM,BLACK,2,17,1,4.54
822,JOWAR,SANDY,1,0,0,4.75
823,SOYBEAN,BLACK,2,3,1,8.73
824,COTTON,BLACK,2,2,1,6.38
825,COTTON,BLACK,3,4,0,7.8
826,JOWAR,LOAM,2,4,0,6.67
827,COTTON,BLACK,3,5,0,6.08
828,WHEAT,BLACK,2,1,0,11.49
829,COTTON,BLACK,3,5,1,6.99
830,MAIZE,BLACK,2,1,0,19.8
831,ONION,BLACK,2,1,0,47.68
832,JOWAR,RED,2,0,1,6.77
833,BAJRA,RED,3,10,0,7.39
834,SOYBEAN,BLACK,3,3,1,9.79
835,SOYBEAN,BLACK,1,6,1,5.65
836,TUR,CLAY,1,9,0,2.78
837,MAIZE,BLACK,3,7,1,22.11
838,SUGARCANE,RED,2,4,1,277.65
839,SOYBEAN,BLACK,2,3,0,7.14
840,WHEAT,CLAY,2,3,0,9.37
841,BAJRA,LOAM,1,7,1,7.98
842,SOYBEAN,CLAY,3,4,1,7.8
843,SOYBEAN,LOAM,3,13,1,7.08
844,WHEAT,BLACK,2,14,0,8.17
845,TUR,CLAY,2,1,1,3.8
846,WHEAT,BLACK,3,1,1,13.5
847,MOONG,BLACK,1,6,1,3.23
848,GRAM,LOAM,3,2,1,5.87
849,SOYBEAN,LOAM,1,0,1,6.86
850,TUR,CLAY,2,15,1,3.36
851,TOMATO,BLACK,3,1,1,79.47
852,TUR,LOAM,2,18,1,4.19
853,COTTON,LOAM,2,8,0,5.0
854,JOWAR,BLACK,2,10,1,6.82
855,GROUNDNUT,BLACK,2,1,1,7.12
856,GROUNDNUT,BLACK,1,1,0,5.86
857,MOONG,BLACK,3,5,1,4.24
858,TOMATO,SANDY,3,1,0,54.62
859,SOYBEAN,LOAM,2,2,1,8.66
860,SOYBEAN,LOAM,2,2,1,8.11
861,GROUNDNUT,SANDY,1,1,0,3.93
862,SUNFLOWER,BLACK,1,1,1,4.23
863,SOYBEAN,RED,2,10,0,5.52
864,MAIZE,BLACK,3,1,1,23.79
865,SOYBEAN,RED,2,0,1,8.54
866,JOWAR,BLACK,3,6,0,7.76
867,GROUNDNUT,CLAY,1,26,0,2.36
868,TUR,BLACK,2,2,0,4.88
869,BAJRA,BLACK,1,0,1,7.3
870,WHEAT,LOAM,2,5,1,10.54
871,SOYBEAN,BLACK,1,16,0,4.02
872,JOWAR,LOAM,3,10,0,6.22
873,COTTON,BLACK,1,6,0,4.13
874,TOMATO,LOAM,3,2,1,75.99
875,SUGARCANE,BLACK,2,5,1,284.91
876,SOYBEAN,BLACK,3,0,0,8.95
877,ONION,BLACK,2,7,1,46.86
878,GROUNDNUT,BLACK,3,9,0,6.01
879,GROUNDNUT,BLACK,1,23,1,4.17
880,TUR,BLACK,3,2,1,7.27
881,WHEAT,BLACK,3,0,1,14.46
882,JOWAR,BLACK,1,5,1,5.79
883,SOYBEAN,BLACK,1,8,1,5.33
884,MAIZE,RED,2,10,1,14.15
885,MAIZE,BLACK,3,1,1,24.5
886,TUR,BLACK,2,2,0,5.54
887,COTTON,LOAM,2,5,0,5.67
888,TUR,BLACK,1,2,0,4.44
889,SOYBEAN,LOAM,1,13,1,5.53
890,TOMATO,BLACK,3,4,0,71.99
891,TOMATO,BLACK,1,11,0,41.92
892,GROUNDNUT,BLACK,2,6,1,6.9
893,TOMATO,LOAM,3,10,0,55.4
894,MOONG,LOAM,1,2,1,2.99
895,TOMATO,BLACK,2,12,1,59.26
896,SOYBEAN,BLACK,1,2,1,7.53
897,BAJRA,SANDY,2,5,1,6.56
898,MAIZE,BLACK,1,1,1,17.68
899,MAIZE,BLACK,3,4,1,25.23
900,SOYBEAN,CLAY,2,2,0,6.49
901,GRAM,LOAM,2,2,1,6.05
902,GROUNDNUT,BLACK,2,23,0,4.72
903,URAD,LOAM,1,1,0,2.74
904,SOYBEAN,RED,3,10,1,6.27
905,SUNFLOWER,BLACK,2,29,0,2.44
906,COTTON,BLACK,2,0,0,6.31
907,WHEAT,BLACK,1,8,0,6.75
908,COTTON,SANDY,2,2,0,5.05
909,MAIZE,LOAM,1,0,0,16.58
910,BAJRA,BLACK,2,3,0,8.96
911,ONION,RED,1,19,1,25.48
912,JOWAR,BLACK,3,0,1,8.95
913,TUR,BLACK,1,6,0,3.93
914,ONION,BLACK,3,4,1,56.97
915,COTTON,BLACK,3,14,0,5.92
916,SOYBEAN,RED,1,0,0,5.28
917,SOYBEAN,BLACK,2,8,0,7.28
918,SOYBEAN,RED,1,7,1,5.39
919,COTTON,BLACK,2,7,1,5.84
920,TUR,BLACK,3,19,1,5.14
921,SOYBEAN,SANDY,2,12,1,4.58
922,TOMATO,BLACK,2,0,1,69.88
923,MOONG,BLACK,1,4,1,3.28
924,MAIZE,BLACK,2,3,1,19.0
925,TUR,RED,1,2,0,3.64
926,COTTON,BLACK,3,4,0,7.04
927,SOYBEAN,BLACK,2,3,1,7.43
928,JOWAR,BLACK,3,3,1,8.55
929,SUNFLOWER,BLACK,1,27,0,2.34
930,TUR,LOAM,2,0,0,4.78
931,MOONG,BLACK,2,17,1,3.49
932,TUR,BLACK,1,4,1,4.13
933,SOYBEAN,BLACK,2,6,0,7.56
934,MAIZE,BLACK,3,12,1,19.06
935,TUR,CLAY,3,3,1,4.65
936,MAIZE,BLACK,2,3,1,20.34
937,SOYBEAN,SANDY,2,3,1,6.3
938,SUGARCANE,BLACK,1,3,1,258.38
939,TOMATO,BLACK,3,18,0,60.44
940,GROUNDNUT,RED,1,12,0,4.85
941,SUGARCANE,BLACK,3,0,1,357.01
942,MAIZE,LOAM,2,0,1,19.0
943,TOMATO,SANDY,2,3,0,48.07
944,MAIZE,BLACK,3,0,1,23.49
945,TOMATO,BLACK,1,6,1,56.3
946,TOMATO,LOAM,2,1,0,54.32
947,COTTON,BLACK,2,5,0,6.95
948,TOMATO,BLACK,1,0,0,56.62
949,URAD,BLACK,2,2,1,2.95
950,MAIZE,BLACK,2,7,1,17.83
951,TUR,LOAM,3,4,1,6.18
952,GRAM,BLACK,1,26,1,3.36
953,SOYBEAN,BLACK,3,14,1,6.74
954,GRAM,LOAM,1,3,1,4.83
955,TOMATO,BLACK,1,0,1,48.63
956,MAIZE,BLACK,1,13,1,13.81
957,GROUNDNUT,LOAM,1,16,1,4.81
958,ONION,BLACK,1,12,0,31.15
959,TOMATO,LOAM,3,0,1,66.84
960,TOMATO,RED,2,30,0,30.63
961,MOONG,BLACK,1,2,1,2.99
962,TOMATO,BLACK,1,9,1,52.33
963,GROUNDNUT,BLACK,3,16,0,5.52
964,MAIZE,BLACK,3,1,0,20.4
965,TUR,RED,1,16,1,2.53
966,COTTON,RED,1,2,1,4.69
967,MAIZE,BLACK,1,26,0,9.57
968,COTTON,LOAM,1,2,1,4.68
969,COTTON,CLAY,1,21,0,2.95
970,MAIZE,SANDY,2,0,0,15.77
971,URAD,BLACK,1,8,0,2.29
972,GROUNDNUT,BLACK,2,5,0,6.5
973,TUR,BLACK,1,4,1,4.5
974,SOYBEAN,SANDY,3,1,1,6.34
975,SOYBEAN,BLACK,3,8,1,9.74
976,BAJRA,BLACK,2,1,1,10.01
977,ONION,BLACK,2,5,0,47.29
978,MAIZE,BLACK,2,2,1,21.75
979,COTTON,BLACK,2,21,0,4.28
980,MAIZE,SANDY,3,0,1,18.87
981,BAJRA,BLACK,2,1,1,10.61
982,SUGARCANE,BLACK,3,1,0,281.2
983,COTTON,BLACK,3,3,1,7.25
984,SOYBEAN,BLACK,2,1,0,7.2
985,TUR,BLACK,2,4,0,4.76
986,SOYBEAN,BLACK,1,14,0,4.45
987,TUR,BLACK,1,8,0,4.13
988,COTTON,BLACK,2,6,0,6.48
989,SOYBEAN,BLACK,1,0,0,6.79
990,JOWAR,BLACK,3,8,1,8.73
991,WHEAT,SANDY,1,1,0,6.66
992,ONION,CLAY,2,10,1,34.93
993,TOMATO,BLACK,2,2,1,64.03
994,SOYBEAN,BLACK,2,3,1,8.4
995,GROUNDNUT,CLAY,2,3,0,5.49
996,WHEAT,BLACK,3,13,0,10.3
997,WHEAT,RED,2,0,1,11.56
998,GROUNDNUT,CLAY,2,5,1,5.86
999,ONION,BLACK,1,1,1,39.7
1000,TOMATO,BLACK,2,8,0,53.89
1001,URAD,SANDY,3,16,1,2.4
1002,BAJRA,BLACK,2,3,0,10.05
1003,GROUNDNUT,BLACK,3,4,1,8.34
1004,MAIZE,BLACK,2,18,1,17.76
1005,URAD,BLACK,1,5,0,2.77
1006,BAJRA,LOAM,1,4,1,7.99
1007,COTTON,LOAM,2,6,0,5.09
1008,MAIZE,SANDY,2,8,1,12.48
1009,MAIZE,BLACK,3,0,1,23.26
1010,ONION,BLACK,1,12,1,37.56
1011,SOYBEAN,BLACK,2,4,0,8.29
1012,TUR,BLACK,2,0,0,5.44
1013,MAIZE,BLACK,2,10,1,19.63
1014,SOYBEAN,SANDY,1,3,1,4.8
1015,SOYBEAN,RED,1,0,1,6.1
1016,MAIZE,BLACK,1,7,0,15.17
1017,SUGARCANE,LOAM,1,14,0,146.44
1018,JOWAR,BLACK,1,15,1,4.86
1019,TOMATO,BLACK,1,22,1,41.52
1020,GRAM,LOAM,2,14,1,4.72
1021,TUR,BLACK,2,0,1,5.17
1022,GRAM,SANDY,3,3,1,4.04
1023,TUR,LOAM,1,11,0,3.32
1024,GROUNDNUT,BLACK,2,3,0,6.53
1025,JOWAR,LOAM,2,6,1,6.36
1026,BAJRA,BLACK,1,6,1,7.95
1027,ONION,BLACK,3,3,1,59.62
1028,TOMATO,BLACK,1,16,1,46.12
1029,ONION,BLACK,3,4,0,42.11
1030,WHEAT,LOAM,3,4,0,10.29
1031,GROUNDNUT,BLACK,2,30,1,4.01
1032,TUR,LOAM,2,4,1,5.34
1033,TUR,BLACK,2,1,1,5.85
1034,MAIZE,BLACK,2,5,1,20.27
1035,GRAM,RED,2,11,1,4.24
1036,MAIZE,BLACK,1,10,0,13.16
1037,BAJRA,BLACK,1,10,1,6.92
1038,SUGARCANE,BLACK,2,8,1,287.7
1039,MAIZE,BLACK,2,2,1,18.98
1040,SOYBEAN,BLACK,3,13,1,8.17
1041,SOYBEAN,LOAM,1,15,0,4.71
1042,TOMATO,BLACK,3,1,0,72.23
1043,TUR,BLACK,1,0,0,4.08
1044,WHEAT,SANDY,2,25,0,4.74
1045,SUNFLOWER,BLACK,2,14,1,3.96
1046,SUGARCANE,RED,2,15,1,197.54
1047,BAJRA,BLACK,1,15,1,5.43
1048,COTTON,BLACK,2,5,1,6.25
1049,GROUNDNUT,RED,3,7,0,6.39
1050,COTTON,BLACK,2,5,1,6.64
1051,MAIZE,LOAM,2,0,0,17.73
1052,SUGARCANE,BLACK,3,9,0,279.58
1053,MOONG,BLACK,3,4,1,4.04
1054,JOWAR,BLACK,2,7,1,7.17
1055,TUR,BLACK,1,4,1,4.94
1056,SOYBEAN,RED,3,4,0,7.52
1057,SOYBEAN,BLACK,2,1,1,8.58
1058,GROUNDNUT,SANDY,1,2,0,3.93
1059,SOYBEAN,SANDY,1,1,0,4.93
1060,WHEAT,BLACK,3,1,1,11.93
1061,MOONG,BLACK,1,25,1,1.98
1062,SOYBEAN,RED,3,1,1,8.33
1063,TOMATO,SANDY,1,2,1,44.39
1064,MAIZE,BLACK,3,6,1,23.01
1065,JOWAR,BLACK,2,6,1,7.38
1066,JOWAR,BLACK,2,1,1,7.68
1067,MAIZE,LOAM,3,11,1,19.86
1068,SOYBEAN,BLACK,2,10,1,6.56
1069,COTTON,LOAM,2,1,1,5.99
1070,TOMATO,BLACK,1,2,0,51.66
1071,MAIZE,BLACK,1,19,1,12.53
1072,COTTON,BLACK,1,12,1,3.93
1073,COTTON,BLACK,2,8,0,5.76
1074,SUGARCANE,BLACK,1,0,1,267.58
1075,TUR,BLACK,1,3,0,4.09
1076,JOWAR,BLACK,2,5,1,8.72
1077,BAJRA,BLACK,2,1,1,9.83
1078,COTTON,BLACK,3,4,0,6.55
1079,SUNFLOWER,SANDY,1,6,1,2.86
1080,MAIZE,BLACK,1,2,1,16.66
1081,WHEAT,BLACK,3,10,1,11.59
1082,ONION,BLACK,1,12,0,28.92
1083,SUNFLOWER,SANDY,3,2,1,4.17
1084,TOMATO,BLACK,3,12,1,65.09
1085,GROUNDNUT,LOAM,3,0,1,8.87
1086,WHEAT,LOAM,1,12,1,9.24
1087,GRAM,LOAM,3,1,1,7.25
1088,COTTON,BLACK,3,0,1,7.32
1089,SOYBEAN,LOAM,2,7,1,6.71
1090,MOONG,BLACK,2,4,0,3.38
1091,COTTON,BLACK,1,16,1,4.88
1092,MAIZE,LOAM,1,3,1,15.47
1093,GROUNDNUT,BLACK,2,2,1,6.49
1094,GRAM,RED,2,4,0,4.35
1095,TOMATO,BLACK,2,4,0,64.57
1096,SOYBEAN,RED,2,2,0,6.69
1097,MAIZE,BLACK,2,8,0,16.82
1098,GRAM,BLACK,2,9,1,5.62
1099,JOWAR,BLACK,3,13,0,5.45
1100,COTTON,SANDY,1,25,1,2.65
1101,GROUNDNUT,BLACK,2,2,0,7.13
1102,SOYBEAN,BLACK,1,8,0,5.17
1103,TUR,BLACK,2,3,1,5.1
1104,TUR,LOAM,3,7,0,4.33
1105,BAJRA,BLACK,3,4,1,12.71
1106,ONION,BLACK,1,30,0,20.6
1107,SUNFLOWER,BLACK,3,9,1,5.29
1108,COTTON,BLACK,1,21,1,4.03
1109,COTTON,BLACK,2,12,1,6.31
1110,TUR,BLACK,1,16,0,3.23
1111,ONION,LOAM,3,11,1,45.54
1112,COTTON,BLACK,2,4,1,6.54
1113,COTTON,BLACK,2,2,1,7.34
1114,SUGARCANE,BLACK,3,3,1,329.7
1115,JOWAR,SANDY,1,0,0,4.13
1116,SUNFLOWER,SANDY,1,5,1,2.63
1117,MAIZE,RED,3,4,0,15.92
1118,BAJRA,BLACK,2,5,0,9.61
1119,BAJRA,BLACK,1,25,1,5.26
1120,TOMATO,BLACK,2,16,0,46.83
1121,SUGARCANE,BLACK,2,1,0,263.12
1122,COTTON,BLACK,1,3,0,4.97
1123,COTTON,LOAM,1,3,1,5.0
1124,URAD,RED,1,3,1,2.29
1125,TOMATO,RED,2,11,1,55.36
1126,TUR,BLACK,3,5,0,6.21
1127,WHEAT,LOAM,3,5,1,10.72
1128,MAIZE,BLACK,2,13,1,17.45
1129,GROUNDNUT,BLACK,1,11,1,4.79
1130,COTTON,LOAM,3,0,0,6.68
1131,WHEAT,BLACK,2,8,1,11.11
1132,SOYBEAN,BLACK,1,4,1,6.32
1133,SUGARCANE,BLACK,3,2,0,318.1
1134,SOYBEAN,LOAM,3,0,0,8.75
1135,COTTON,LOAM,3,4,0,6.56
1136,TOMATO,BLACK,3,3,1,72.45
1137,TUR,RED,1,2,0,3.37
1138,MAIZE,BLACK,1,8,1,13.45
1139,COTTON,BLACK,2,10,0,5.0
1140,SUNFLOWER,LOAM,1,1,1,4.68
1141,MOONG,LOAM,2,0,0,3.24
1142,TOMATO,SANDY,3,13,1,43.69
1143,SOYBEAN,BLACK,3,0,1,9.74
1144,TUR,LOAM,2,19,0,3.54
1145,COTTON,LOAM,3,6,1,6.64
1146,SUGARCANE,CLAY,3,2,0,284.99
1147,MAIZE,BLACK,2,1,1,21.72
1148,SUNFLOWER,LOAM,1,0,1,3.93
1149,URAD,BLACK,1,1,0,2.52
1150,WHEAT,BLACK,2,1,0,10.72
1151,SOYBEAN,BLACK,1,6,0,6.13
1152,SUGARCANE,BLACK,1,1,1,242.1
1153,MAIZE,BLACK,1,5,1,13.69
1154,JOWAR,RED,2,6,1,6.1
1155,JOWAR,BLACK,3,2,0,7.04
1156,SUGARCANE,LOAM,1,0,0,258.73
1157,COTTON,BLACK,3,0,1,7.2
1158,GROUNDNUT,BLACK,2,0,0,6.79
1159,MAIZE,BLACK,1,9,1,15.26
1160,GRAM,BLACK,3,2,0,6.1
1161,URAD,BLACK,2,11,0,2.64
1162,SUGARCANE,BLACK,2,3,1,304.07
1163,ONION,BLACK,3,4,1,63.29
1164,SOYBEAN,BLACK,1,5,1,6.72
1165,COTTON,BLACK,2,8,0,6.21
1166,SOYBEAN,BLACK,1,2,0,5.59
1167,MOONG,BLACK,3,0,1,4.61
1168,JOWAR,CLAY,2,5,1,6.08
1169,JOWAR,RED,2,2,1,6.71
1170,BAJRA,LOAM,1,4,0,7.88
1171,GRAM,BLACK,2,7,1,5.42
1172,BAJRA,LOAM,3,4,1,10.37
1173,COTTON,RED,2,6,1,5.54
1174,WHEAT,LOAM,2,5,1,9.29
1175,SOYBEAN,BLACK,2,9,1,7.09
1176,GROUNDNUT,LOAM,3,8,1,7.03
1177,JOWAR,RED,2,5,1,5.77
1178,TUR,BLACK,3,7,1,6.31
1179,COTTON,LOAM,3,14,1,5.36
1180,BAJRA,BLACK,2,3,1,9.98
1181,SOYBEAN,BLACK,1,3,1,6.69
1182,WHEAT,BLACK,2,10,0,10.68
1183,TOMATO,LOAM,3,6,0,63.57
1184,COTTON,BLACK,1,0,0,5.55
1185,COTTON,BLACK,2,15,0,5.17
1186,COTTON,BLACK,3,0,0,7.25
1187,MAIZE,BLACK,2,9,0,15.34
1188,WHEAT,BLACK,2,9,0,8.68
1189,GROUNDNUT,LOAM,1,21,1,4.02
1190,SOYBEAN,LOAM,1,0,0,5.72
1191,JOWAR,BLACK,3,6,0,8.09
1192,JOWAR,BLACK,1,3,1,6.56
1193,TUR,BLACK,1,2,1,4.47
1194,TOMATO,RED,3,0,1,61.7
1195,SOYBEAN,BLACK,2,5,1,8.05
1196,TUR,BLACK,3,4,1,5.61
1197,MAIZE,BLACK,3,0,1,22.54
1198,TOMATO,LOAM,1,6,1,45.89
1199,SOYBEAN,RED,1,9,1,4.97
1200,WHEAT,RED,3,10,1,11.06
1201,COTTON,LOAM,2,16,1,4.95
1202,COTTON,BLACK,1,3,1,5.17
1203,TUR,BLACK,3,21,0,3.6
1204,BAJRA,BLACK,1,14,1,7.13
1205,WHEAT,BLACK,3,2,1,12.73
1206,MAIZE,BLACK,1,1,1,17.18
1207,MAIZE,BLACK,1,4,1,15.78
1208,TUR,BLACK,1,3,1,4.77
1209,MAIZE,CLAY,3,6,1,17.68
1210,JOWAR,LOAM,2,6,1,6.81
1211,COTTON,RED,3,9,0,5.48
1212,TOMATO,LOAM,2,4,1,73.46
1213,GRAM,BLACK,2,0,0,6.07
1214,SOYBEAN,LOAM,1,13,0,4.78
1215,SOYBEAN,BLACK,2,2,1,8.11
1216,TOMATO,LOAM,2,24,0,37.73
1217,JOWAR,BLACK,2,0,1,7.32
1218,SOYBEAN,SANDY,1,22,0,3.02
1219,GRAM,BLACK,3,0,0,6.04
1220,GRAM,BLACK,1,1,1,5.22
1221,COTTON,CLAY,3,0,0,5.38
1222,MAIZE,BLACK,1,8,1,16.83
1223,SOYBEAN,LOAM,2,13,1,6.78
1224,TOMATO,LOAM,2,3,1,63.98
1225,MAIZE,RED,2,18,1,13.11
1226,COTTON,SANDY,2,6,1,4.48
1227,COTTON,SANDY,2,6,1,4.79
1228,GRAM,BLACK,2,13,1,5.39
1229,JOWAR,RED,3,2,0,6.44
1230,JOWAR,LOAM,2,3,1,6.3
1231,GRAM,LOAM,3,16,1,5.34
1232,SUGARCANE,BLACK,1,16,1,196.49
1233,TOMATO,LOAM,2,26,1,37.14
1234,SOYBEAN,SANDY,2,16,1,4.49
1235,MAIZE,CLAY,2,0,1,16.13
1236,TOMATO,BLACK,2,12,1,54.38
1237,COTTON,BLACK,2,3,0,5.87
1238,ONION,BLACK,1,30,0,21.39
1239,MAIZE,RED,1,4,1,13.09
1240,GRAM,LOAM,1,5,1,4.16
1241,COTTON,BLACK,2,5,0,5.73
1242,COTTON,BLACK,2,2,0,6.21
1243,WHEAT,BLACK,3,0,0,12.55
1244,SOYBEAN,BLACK,3,15,1,8.04
1245,GRAM,CLAY,1,11,1,3.59
1246,MAIZE,LOAM,3,1,1,19.6
1247,TUR,BLACK,3,10,0,5.3
1248,TOMATO,BLACK,2,6,0,61.79
1249,WHEAT,BLACK,2,3,0,10.45
1250,SUGARCANE,SANDY,3,2,0,206.23
1251,MAIZE,BLACK,2,13,1,17.01
1252,COTTON,BLACK,3,8,1,6.86
1253,TOMATO,BLACK,1,5,0,44.62
1254,SOYBEAN,LOAM,1,6,0,4.81
1255,SOYBEAN,LOAM,2,0,0,7.26
1256,TUR,LOAM,2,4,1,5.01
1257,SOYBEAN,BLACK,3,1,0,8.32
1258,COTTON,BLACK,3,1,0,7.02
1259,ONION,BLACK,2,7,0,39.64
1260,TUR,LOAM,1,16,1,3.26
1261,MAIZE,BLACK,3,3,1,23.9
1262,TUR,BLACK,2,1,1,5.48
1263,COTTON,RED,1,7,0,3.4
1264,SOYBEAN,RED,2,14,1,5.4
1265,GRAM,BLACK,3,9,1,5.54
1266,GRAM,BLACK,3,14,0,5.2
1267,COTTON,BLACK,2,5,0,5.99
1268,MAIZE,LOAM,2,9,1,15.05
1269,COTTON,RED,3,1,0,6.37
1270,SOYBEAN,BLACK,2,2,1,7.39
1271,MAIZE,BLACK,2,3,1,22.69
1272,SUGARCANE,RED,1,5,1,197.36
1273,COTTON,RED,3,18,0,4.01
1274,SOYBEAN,BLACK,1,14,1,4.91
1275,MAIZE,BLACK,1,1,1,17.49
1276,MAIZE,BLACK,2,1,0,18.54
1277,JOWAR,BLACK,1,3,1,6.14
1278,MAIZE,CLAY,2,2,0,17.45
1279,SOYBEAN,RED,1,6,0,4.6
1280,TUR,LOAM,2,16,1,4.15
1281,COTTON,BLACK,1,22,0,3.85
1282,GRAM,RED,1,7,0,3.6
1283,COTTON,BLACK,1,12,0,3.69
1284,SOYBEAN,BLACK,3,5,1,9.14
1285,TOMATO,BLACK,3,1,1,71.47
1286,SUGARCANE,BLACK,1,5,0,238.59
1287,SUNFLOWER,LOAM,3,5,1,4.93
1288,SUNFLOWER,BLACK,2,9,0,5.2
1289,ONION,BLACK,3,1,1,66.04
1290,MOONG,BLACK,2,3,1,3.54
1291,MAIZE,BLACK,2,3,1,20.2
1292,GRAM,BLACK,1,22,1,3.58
1293,COTTON,BLACK,2,4,1,6.86
1294,COTTON,RED,3,9,0,5.46
1295,MOONG,BLACK,2,9,1,3.77
1296,SOYBEAN,BLACK,1,2,0,6.04
1297,WHEAT,BLACK,1,5,1,9.05
1298,ONION,RED,3,15,0,35.35
1299,GRAM,BLACK,2,4,0,5.69
1300,MOONG,BLACK,2,20,0,2.62
1301,MAIZE,BLACK,3,1,0,22.26
1302,BAJRA,BLACK,1,0,1,9.19
1303,ONION,BLACK,2,15,1,34.21
1304,COTTON,LOAM,3,13,1,6.11
1305,GROUNDNUT,LOAM,2,30,1,3.98
1306,TUR,BLACK,1,7,1,4.75
1307,COTTON,LOAM,2,19,0,3.76
1308,MAIZE,LOAM,3,12,0,19.34
1309,COTTON,BLACK,1,13,0,4.18
1310,TUR,BLACK,3,5,0,5.75
1311,TUR,BLACK,3,3,0,6.48
1312,COTTON,BLACK,1,19,0,3.86
1313,ONION,LOAM,3,3,0,51.68
1314,SOYBEAN,RED,2,5,0,6.16
1315,SUNFLOWER,SANDY,2,4,1,3.58
1316,JOWAR,LOAM,3,5,0,7.26
1317,TUR,BLACK,3,4,1,5.76
1318,SOYBEAN,BLACK,1,0,1,6.82
1319,JOWAR,RED,2,14,1,4.32
1320,TUR,BLACK,2,4,0,5.12
1321,SOYBEAN,LOAM,2,6,0,6.58
1322,TUR,LOAM,2,1,0,4.79
1323,ONION,LOAM,1,0,0,38.42
1324,SOYBEAN,RED,2,1,0,5.7
1325,GROUNDNUT,BLACK,2,8,1,7.6
1326,WHEAT,LOAM,1,0,1,9.5
1327,COTTON,RED,3,16,1,4.98
1328,MAIZE,BLACK,3,1,1,21.81
1329,MAIZE,LOAM,2,1,0,18.22
1330,MAIZE,BLACK,1,1,1,18.91
1331,SOYBEAN,SANDY,2,0,0,6.25
1332,MAIZE,BLACK,1,10,1,15.69
1333,COTTON,BLACK,1,14,1,4.63
1334,ONION,BLACK,3,6,1,53.03
1335,SUNFLOWER,LOAM,1,1,0,3.29
1336,COTTON,BLACK,1,2,1,5.36
1337,SOYBEAN,BLACK,1,4,0,5.8
1338,JOWAR,BLACK,1,21,0,4.43
1339,JOWAR,CLAY,1,1,0,4.93
1340,MAIZE,BLACK,3,9,0,21.56
1341,TUR,BLACK,1,4,1,4.82
1342,MOONG,LOAM,1,2,1,2.88
1343,BAJRA,BLACK,1,4,0,6.4
1344,BAJRA,CLAY,3,0,1,10.93
1345,SUNFLOWER,BLACK,2,11,1,4.89
1346,GROUNDNUT,LOAM,2,1,1,6.23
1347,JOWAR,BLACK,3,9,1,8.72
1348,ONION,BLACK,2,0,0,50.06
1349,TOMATO,LOAM,2,21,0,42.69
1350,BAJRA,BLACK,1,1,1,9.61
1351,BAJRA,LOAM,2,15,1,8.61
1352,TUR,BLACK,2,11,1,5.03
1353,TOMATO,BLACK,2,24,1,46.76
1354,SUGARCANE,BLACK,1,4,1,248.56
1355,SOYBEAN,SANDY,2,9,0,4.83
1356,WHEAT,BLACK,1,3,0,8.82
1357,URAD,BLACK,1,1,0,2.42
1358,TUR,BLACK,2,4,1,5.23
1359,MAIZE,BLACK,3,1,1,22.95
1360,SUGARCANE,BLACK,2,28,1,169.56
1361,COTTON,CLAY,2,0,1,5.69
1362,SUGARCANE,BLACK,1,6,1,223.38
1363,SUGARCANE,RED,1,6,1,202.75
1364,COTTON,BLACK,1,5,1,4.52
1365,TUR,LOAM,2,7,0,4.43
1366,GRAM,CLAY,1,0,1,4.18
1367,MAIZE,BLACK,1,5,1,15.59
1368,COTTON,SANDY,3,2,0,5.15
1369,MAIZE,BLACK,1,19,0,9.93
1370,COTTON,CLAY,2,10,1,4.92
1371,MAIZE,LOAM,2,25,0,12.13
1372,SOYBEAN,BLACK,2,0,1,8.69
1373,MAIZE,BLACK,2,2,0,20.41
1374,SOYBEAN,BLACK,2,1,1,8.37
1375,COTTON,BLACK,1,0,1,5.83
1376,COTTON,BLACK,3,1,0,7.16
1377,TUR,BLACK,3,7,1,6.14
1378,MAIZE,BLACK,1,1,1,14.87
1379,SOYBEAN,LOAM,1,4,1,5.67
1380,SOYBEAN,BLACK,3,15,1,8.3
1381,MAIZE,BLACK,2,8,1,14.93
1382,ONION,LOAM,2,3,0,43.58
1383,MAIZE,BLACK,2,3,1,22.06
1384,BAJRA,BLACK,1,4,1,8.06
1385,SOYBEAN,BLACK,2,1,0,7.33
1386,MAIZE,CLAY,2,7,0,14.41
1387,TUR,RED,1,3,0,3.4
1388,GRAM,BLACK,2,13,1,4.97
1389,MAIZE,LOAM,3,9,1,18.64
1390,SOYBEAN,BLACK,2,6,0,7.62
1391,WHEAT,LOAM,1,3,1,10.19
1392,MAIZE,LOAM,2,1,1,19.55
1393,MAIZE,LOAM,3,10,0,15.85
1394,TOMATO,BLACK,3,4,1,72.05
1395,GRAM,BLACK,2,1,1,5.98
1396,URAD,BLACK,1,1,1,2.95
1397,WHEAT,RED,3,1,0,9.91
1398,TUR,BLACK,2,10,0,4.2
1399,MOONG,RED,1,1,0,2.6
1400,COTTON,SANDY,2,5,1,5.12
1401,COTTON,BLACK,2,4,1,6.13
1402,MAIZE,LOAM,2,6,1,16.31
1403,TUR,LOAM,1,14,0,4.08
1404,WHEAT,SANDY,2,14,0,7.14
1405,SUGARCANE,SANDY,3,4,1,241.48
1406,COTTON,LOAM,3,0,1,7.93
1407,MOONG,BLACK,3,3,1,4.25
1408,SOYBEAN,LOAM,3,6,1,8.78
1409,GRAM,BLACK,1,5,0,4.34
1410,SOYBEAN,LOAM,2,7,0,6.59
1411,BAJRA,CLAY,2,1,0,7.78
1412,SOYBEAN,BLACK,3,7,0,6.92
1413,COTTON,LOAM,1,1,0,5.58
1414,MAIZE,BLACK,3,9,0,17.66
1415,WHEAT,BLACK,2,2,0,9.8
1416,ONION,BLACK,3,8,0,47.75
1417,MAIZE,LOAM,1,0,1,15.15
1418,TUR,CLAY,1,3,0,3.36
1419,WHEAT,CLAY,3,8,1,10.66
1420,SOYBEAN,BLACK,1,1,1,7.27
1421,GROUNDNUT,RED,3,11,1,6.43
1422,SOYBEAN,LOAM,1,6,1,5.77
1423,TUR,BLACK,2,6,0,4.81
1424,URAD,BLACK,2,3,1,3.47
1425,GRAM,BLACK,2,4,1,4.98
1426,COTTON,CLAY,2,6,1,5.36
1427,MAIZE,LOAM,2,4,0,15.33
1428,SOYBEAN,LOAM,1,8,0,6.12
1429,COTTON,BLACK,1,3,0,4.77
1430,MOONG,LOAM,2,1,1,3.65
1431,SUGARCANE,BLACK,2,1,1,284.7
1432,SUNFLOWER,BLACK,3,0,0,5.24
1433,SUGARCANE,LOAM,2,2,1,335.46
1434,TUR,BLACK,2,9,1,5.32
1435,BAJRA,RED,2,11,1,6.57
1436,GROUNDNUT,BLACK,1,1,1,6.75
1437,TUR,LOAM,2,22,1,3.99
1438,MAIZE,BLACK,3,4,0,20.29
1439,SUGARCANE,BLACK,3,17,1,267.15
1440,ONION,BLACK,2,8,0,42.7
1441,TUR,BLACK,2,8,1,5.83
1442,SOYBEAN,CLAY,3,0,1,7.29
1443,WHEAT,BLACK,2,1,1,12.28
1444,SUNFLOWER,RED,1,0,1,3.55
1445,ONION,SANDY,1,8,0,23.22
1446,MAIZE,BLACK,2,2,0,22.15
1447,SOYBEAN,BLACK,3,10,1,7.31
1448,SUGARCANE,LOAM,2,2,0,265.71
1449,WHEAT,SANDY,1,11,1,5.43
1450,MOONG,CLAY,1,0,0,2.37
1451,TOMATO,BLACK,3,1,0,74.94
1452,SOYBEAN,LOAM,3,2,0,7.52
1453,COTTON,BLACK,2,3,1,6.86
1454,SOYBEAN,SANDY,2,3,1,5.86
1455,WHEAT,SANDY,1,10,0,6.46
1456,SUNFLOWER,BLACK,3,0,0,6.12
1457,TUR,BLACK,3,3,1,5.92
1458,TOMATO,BLACK,1,12,0,43.72
1459,URAD,BLACK,3,0,1,4.06
1460,BAJRA,RED,1,19,1,5.51
1461,MAIZE,BLACK,1,30,1,9.51
1462,BAJRA,BLACK,1,0,1,8.77
1463,WHEAT,BLACK,1,2,1,9.59
1464,SOYBEAN,SANDY,2,3,1,6.04
1465,BAJRA,LOAM,2,10,1,9.41
1466,TUR,BLACK,2,6,1,5.47
1467,COTTON,BLACK,2,7,0,5.97
1468,COTTON,SANDY,1,9,1,3.85
1469,COTTON,RED,1,0,0,4.34
1470,SOYBEAN,BLACK,2,12,1,7.03
1471,MAIZE,BLACK,2,8,1,16.97
1472,COTTON,BLACK,1,6,0,5.18
1473,TUR,BLACK,3,15,0,3.6
1474,SOYBEAN,BLACK,3,8,1,8.3
1475,SUNFLOWER,CLAY,3,1,1,5.29
1476,GROUNDNUT,BLACK,2,3,1,6.36
1477,MOONG,RED,1,4,1,2.67
1478,SOYBEAN,BLACK,2,0,0,7.27
1479,GROUNDNUT,LOAM,1,21,1,3.87
1480,GRAM,LOAM,2,0,1,6.29
1481,GROUNDNUT,BLACK,1,8,1,5.47
1482,GROUNDNUT,BLACK,3,4,0,6.15
1483,SUNFLOWER,LOAM,1,0,1,3.78
1484,TUR,BLACK,3,18,0,4.71
1485,SOYBEAN,BLACK,3,13,0,7.29
1486,COTTON,BLACK,2,5,1,7.24
1487,GRAM,SANDY,3,1,0,5.4
1488,COTTON,BLACK,2,0,0,6.14
1489,MAIZE,RED,3,3,1,23.38
1490,MAIZE,BLACK,2,2,1,20.53
1491,ONION,LOAM,3,4,1,49.45
1492,COTTON,BLACK,2,23,1,4.27
1493,ONION,RED,3,5,1,38.66
1494,GROUNDNUT,BLACK,2,15,0,6.02
1495,GRAM,LOAM,2,7,0,5.43
1496,COTTON,LOAM,3,4,0,5.89
1497,ONION,BLACK,3,13,1,47.42
1498,URAD,BLACK,2,4,0,3.07
1499,COTTON,BLACK,1,14,0,3.77
1500,MAIZE,BLACK,2,2,1,17.61
1501,TUR,RED,3,0,1,5.43
1502,COTTON,BLACK,3,13,1,6.12
1503,JOWAR,BLACK,3,6,1,7.94
1504,MAIZE,LOAM,1,15,0,11.91
1505,JOWAR,BLACK,2,19,1,6.31
1506,MAIZE,BLACK,2,0,1,20.61
1507,MAIZE,BLACK,3,4,1,22.87
1508,TUR,SANDY,1,3,0,3.26
1509,ONION,RED,3,6,1,48.47
1510,TUR,RED,2,11,1,3.86
1511,MAIZE,BLACK,1,2,0,15.54
1512,SOYBEAN,LOAM,2,5,1,7.67
1513,COTTON,BLACK,1,8,0,4.14
1514,WHEAT,BLACK,2,1,1,13.36
1515,SUNFLOWER,BLACK,1,11,1,4.02
1516,COTTON,BLACK,1,6,0,4.43
1517,GROUNDNUT,BLACK,3,20,0,5.56
1518,JOWAR,BLACK,1,2,0,6.08
1519,COTTON,BLACK,1,0,0,4.94
1520,MAIZE,BLACK,2,4,0,18.97
1521,ONION,LOAM,2,0,0,46.75
1522,COTTON,BLACK,3,24,1,4.41
1523,BAJRA,LOAM,2,0,0,9.57
1524,MAIZE,BLACK,3,9,1,18.93
1525,MAIZE,RED,2,5,1,17.85
1526,COTTON,BLACK,1,3,1,5.08
1527,MAIZE,BLACK,1,0,1,17.06
1528,GRAM,BLACK,2,6,0,5.72
1529,MAIZE,LOAM,2,6,0,17.46
1530,COTTON,RED,3,2,1,5.88
1531,SUNFLOWER,BLACK,2,16,1,3.69
1532,GROUNDNUT,BLACK,2,2,1,6.91
1533,GROUNDNUT,RED,1,4,1,5.04
1534,MAIZE,LOAM,1,5,1,15.62
1535,SOYBEAN,BLACK,2,0,1,7.8
1536,COTTON,BLACK,2,18,1,4.54
1537,BAJRA,BLACK,2,3,0,9.49
1538,TUR,LOAM,1,0,0,4.03
1539,SOYBEAN,BLACK,2,3,1,9.36
1540,MAIZE,SANDY,3,6,1,16.43
1541,SOYBEAN,BLACK,1,5,1,7.25
1542,SUGARCANE,BLACK,2,8,0,226.01
1543,MAIZE,BLACK,3,0,1,20.98
1544,URAD,CLAY,2,2,0,2.35
1545,SOYBEAN,RED,2,11,1,6.5
1546,COTTON,BLACK,1,0,0,5.89
1547,BAJRA,LOAM,2,13,0,6.96
1548,ONION,BLACK,1,0,0,38.28
1549,ONION,BLACK,3,12,0,41.03
1550,BAJRA,BLACK,3,3,1,9.8
1551,ONION,BLACK,3,6,0,53.12
1552,TOMATO,BLACK,3,1,0,73.79
1553,SUNFLOWER,CLAY,2,0,1,4.33
1554,SUGARCANE,BLACK,2,1,1,269.4
1555,MAIZE,SANDY,3,0,0,18.73
1556,URAD,BLACK,3,2,0,3.43
1557,SOYBEAN,LOAM,2,5,1,7.66
1558,SOYBEAN,BLACK,3,6,1,7.64
1559,TOMATO,BLACK,2,10,0,54.21
1560,BAJRA,BLACK,2,7,1,9.67
1561,COTTON,BLACK,2,6,0,5.9
1562,SUNFLOWER,LOAM,1,3,0,3.65
1563,SUGARCANE,BLACK,1,4,1,246.25
1564,TOMATO,LOAM,1,3,1,47.53
1565,MAIZE,BLACK,2,12,0,16.18
1566,SOYBEAN,BLACK,2,1,1,8.31
1567,WHEAT,BLACK,2,0,0,11.54
1568,SOYBEAN,CLAY,3,7,0,6.45
1569,SOYBEAN,LOAM,2,1,0,6.46
1570,BAJRA,BLACK,2,15,0,6.74
1571,GROUNDNUT,BLACK,1,13,1,4.05
1572,URAD,BLACK,1,0,1,3.07
1573,JOWAR,SANDY,3,0,0,6.62
1574,COTTON,LOAM,2,4,1,6.54
1575,MAIZE,BLACK,3,6,1,22.38
1576,SOYBEAN,BLACK,1,2,1,5.5
1577,GROUNDNUT,BLACK,2,8,1,6.04
1578,GRAM,SANDY,1,6,0,3.21
1579,GROUNDNUT,BLACK,1,2,1,6.0
1580,SOYBEAN,LOAM,1,0,1,6.38
1581,SUGARCANE,BLACK,1,9,1,224.41
1582,GRAM,LOAM,2,1,1,5.77
1583,URAD,LOAM,1,12,0,2.08
1584,GRAM,LOAM,3,3,1,6.03
1585,SUGARCANE,LOAM,2,6,0,264.21
1586,GRAM,RED,1,14,0,3.01
1587,GRAM,BLACK,1,13,0,3.34
1588,TOMATO,BLACK,2,3,1,63.09
1589,GROUNDNUT,BLACK,1,1,0,5.39
1590,TUR,SANDY,3,10,1,4.47
1591,COTTON,BLACK,3,3,0,6.83
1592,WHEAT,LOAM,1,1,1,9.29
1593,MAIZE,LOAM,2,16,0,12.63
1594,GRAM,BLACK,1,1,1,5.28
1595,ONION,BLACK,2,0,1,50.05
1596,ONION,BLACK,2,0,1,52.38
1597,BAJRA,BLACK,1,6,0,8.09
1598,MOONG,BLACK,1,7,1,3.02
1599,MAIZE,BLACK,2,2,1,17.82
1600,TOMATO,RED,2,2,1,49.83
1601,TOMATO,SANDY,1,2,0,38.35
1602,COTTON,BLACK,2,7,1,5.55
1603,SUNFLOWER,BLACK,2,0,0,5.11
1604,COTTON,BLACK,3,18,1,5.71
1605,GRAM,LOAM,1,1,1,4.78
1606,SOYBEAN,RED,3,30,0,3.85
1607,TUR,BLACK,2,1,1,6.42
1608,COTTON,BLACK,1,10,1,5.86
1609,COTTON,LOAM,2,1,1,6.28
1610,WHEAT,LOAM,2,0,0,11.07
1611,TOMATO,BLACK,3,14,1,63.69
1612,MAIZE,LOAM,1,13,1,12.94
1613,TUR,BLACK,2,3,0,4.69
1614,COTTON,BLACK,2,8,0,5.07
1615,COTTON,LOAM,3,5,1,6.23
1616,COTTON,RED,2,13,0,4.46
1617,JOWAR,BLACK,3,2,1,8.37
1618,MAIZE,CLAY,3,5,0,13.29
1619,COTTON,BLACK,1,4,0,5.03
1620,GRAM,LOAM,3,3,1,6.33
1621,MAIZE,BLACK,3,15,1,20.6
1622,COTTON,RED,1,1,1,4.84
1623,TUR,CLAY,2,1,1,4.07
1624,COTTON,BLACK,2,6,1,5.13
1625,SUGARCANE,CLAY,1,7,0,160.35
1626,MAIZE,RED,1,1,1,13.74
1627,SOYBEAN,LOAM,1,3,0,6.14
1628,GROUNDNUT,BLACK,1,20,1,4.28
1629,GRAM,RED,2,1,0,5.18
1630,COTTON,RED,1,7,0,3.51
1631,SUGARCANE,BLACK,3,9,1,326.13
1632,SUNFLOWER,SANDY,3,4,0,4.12
1633,TOMATO,BLACK,1,19,0,31.77
1634,MOONG,BLACK,2,9,1,3.79
1635,TUR,BLACK,2,4,1,5.42
1636,WHEAT,BLACK,3,5,1,13.36
1637,MAIZE,LOAM,1,8,1,13.45
1638,URAD,BLACK,1,6,0,2.66
1639,JOWAR,SANDY,3,14,1,4.83
1640,ONION,BLACK,3,3,0,56.23
1641,GRAM,BLACK,3,2,1,7.24
1642,GRAM,BLACK,3,1,1,6.36
1643,BAJRA,BLACK,1,0,1,10.01
1644,SOYBEAN,CLAY,2,0,1,6.98
1645,SOYBEAN,LOAM,1,14,0,4.97
1646,TUR,RED,1,7,1,3.13
1647,SOYBEAN,BLACK,3,7,1,9.94
1648,GRAM,BLACK,1,6,0,3.81
1649,ONION,BLACK,2,13,0,42.31
1650,ONION,BLACK,3,4,1,51.91
1651,COTTON,BLACK,1,14,1,4.22
1652,MAIZE,LOAM,3,3,0,21.3
1653,SUGARCANE,BLACK,3,18,1,276.5
1654,ONION,LOAM,2,8,0,36.48
1655,MAIZE,BLACK,1,2,0,16.77
1656,COTTON,BLACK,2,5,1,6.88
1657,JOWAR,LOAM,2,5,0,5.92
1658,SUNFLOWER,BLACK,2,1,1,5.87
1659,TOMATO,RED,1,6,0,36.21
1660,SOYBEAN,LOAM,3,2,0,7.65
1661,ONION,BLACK,1,0,0,41.27
1662,GRAM,SANDY,3,20,1,3.42
1663,TOMATO,BLACK,1,7,1,52.64
1664,TUR,BLACK,2,14,1,4.61
1665,SUGARCANE,LOAM,3,7,0,269.68
1666,SOYBEAN,BLACK,1,3,1,6.97
1667,BAJRA,RED,1,5,1,6.67
1668,SOYBEAN,RED,2,7,1,6.48
1669,TOMATO,SANDY,3,22,1,43.89
1670,SUNFLOWER,BLACK,2,2,1,5.45
1671,SUGARCANE,BLACK,2,14,0,237.93
1672,ONION,LOAM,1,18,1,27.2
1673,SOYBEAN,BLACK,3,7,1,8.86
1674,WHEAT,BLACK,3,18,1,9.5
1675,SOYBEAN,BLACK,2,3,0,6.59
1676,MAIZE,BLACK,3,21,0,15.04
1677,MAIZE,BLACK,2,8,1,17.24
1678,TUR,RED,2,0,0,4.76
1679,MAIZE,RED,1,16,0,10.94
1680,SOYBEAN,BLACK,2,4,1,6.66
1681,MAIZE,BLACK,2,4,1,18.54
1682,SOYBEAN,BLACK,1,5,1,5.59
1683,TOMATO,RED,2,1,1,56.76
1684,GROUNDNUT,BLACK,3,4,0,7.62
1685,TOMATO,LOAM,2,12,1,53.78
1686,TUR,BLACK,2,0,0,5.01
1687,JOWAR,LOAM,3,2,1,9.16
1688,GROUNDNUT,BLACK,1,0,1,4.99
1689,BAJRA,LOAM,2,3,0,9.69
1690,JOWAR,BLACK,3,9,0,6.85
1691,MAIZE,LOAM,2,11,1,16.65
1692,SOYBEAN,BLACK,2,20,0,5.16
1693,MAIZE,LOAM,1,6,0,15.44
1694,BAJRA,RED,3,2,1,8.92
1695,COTTON,BLACK,2,18,1,5.02
1696,SOYBEAN,RED,3,10,0,6.58
1697,MAIZE,BLACK,2,5,1,17.02
1698,SUNFLOWER,BLACK,2,8,1,4.3
1699,SOYBEAN,BLACK,3,18,0,6.3
1700,BAJRA,BLACK,2,8,1,8.63
1701,SUGARCANE,LOAM,2,3,0,240.3
1702,MAIZE,LOAM,2,8,1,17.16
1703,SOYBEAN,BLACK,3,0,1,9.99
1704,TUR,BLACK,2,3,1,5.31
1705,JOWAR,RED,2,3,1,6.98
1706,URAD,CLAY,1,1,0,1.97
1707,SUNFLOWER,BLACK,3,0,0,4.97
1708,SOYBEAN,SANDY,1,1,1,5.83
1709,GRAM,BLACK,2,7,1,5.22
1710,TUR,BLACK,2,11,0,3.93
1711,SOYBEAN,RED,2,30,1,3.36
1712,GRAM,BLACK,2,2,0,5.97
1713,JOWAR,BLACK,1,6,0,5.28
1714,TUR,BLACK,2,19,1,4.01
1715,SOYBEAN,RED,3,1,0,7.22
1716,TUR,RED,3,8,1,5.26
1717,JOWAR,BLACK,1,9,0,5.08
1718,SUNFLOWER,BLACK,3,0,0,6.56
1719,SOYBEAN,BLACK,2,13,1,6.8
1720,WHEAT,BLACK,3,11,1,12.68
1721,TUR,BLACK,2,0,1,6.09
1722,COTTON,LOAM,2,0,1,6.5
1723,URAD,BLACK,3,0,0,3.51
1724,COTTON,BLACK,3,2,1,7.77
1725,GROUNDNUT,BLACK,2,4,1,7.32
1726,SUGARCANE,BLACK,1,5,1,222.42
1727,JOWAR,CLAY,2,2,0,5.87
1728,MOONG,BLACK,2,16,0,3.04
1729,SUGARCANE,BLACK,1,3,1,280.51
1730,TOMATO,BLACK,1,0,1,61.54
1731,ONION,BLACK,3,2,1,66.87
1732,WHEAT,BLACK,1,5,1,8.85
1733,MAIZE,BLACK,2,3,0,19.6
1734,TUR,BLACK,1,2,1,5.03
1735,COTTON,BLACK,2,0,1,6.37
1736,TUR,BLACK,1,11,1,3.76
1737,TUR,BLACK,1,30,0,2.7
1738,SUGARCANE,SANDY,3,2,0,215.98
1739,BAJRA,BLACK,3,3,0,9.41
1740,SUGARCANE,BLACK,1,6,1,257.35
1741,WHEAT,BLACK,2,8,0,10.93
1742,BAJRA,BLACK,2,3,0,9.6
1743,TUR,LOAM,3,16,1,4.68
1744,GROUNDNUT,BLACK,3,5,0,6.98
1745,SOYBEAN,LOAM,2,4,0,7.02
1746,MAIZE,BLACK,2,7,0,19.59
1747,TOMATO,BLACK,3,21,0,51.38
1748,MAIZE,LOAM,1,11,1,16.08
1749,URAD,BLACK,2,0,1,3.27
1750,URAD,BLACK,3,2,1,3.87
1751,TUR,BLACK,3,4,1,5.93
1752,COTTON,LOAM,2,2,1,5.78
1753,MAIZE,BLACK,2,8,1,18.36
1754,URAD,RED,2,12,0,2.33
1755,WHEAT,BLACK,2,9,0,10.22
1756,COTTON,RED,2,30,1,3.77
1757,SOYBEAN,BLACK,2,2,0,7.74
1758,URAD,LOAM,3,14,0,3.02
1759,MAIZE,BLACK,3,10,1,20.51
1760,JOWAR,CLAY,1,3,1,5.76
1761,MAIZE,BLACK,2,9,0,20.03
1762,MAIZE,BLACK,2,0,0,20.26
1763,SUNFLOWER,BLACK,2,10,0,3.8
1764,JOWAR,BLACK,1,5,1,5.73
1765,ONION,BLACK,2,2,0,48.18
1766,TOMATO,CLAY,3,7,1,60.86
1767,URAD,SANDY,2,7,1,2.49
1768,SOYBEAN,BLACK,3,1,1,9.7
1769,WHEAT,CLAY,3,0,0,10.57
1770,GROUNDNUT,BLACK,1,3,0,5.1
1771,BAJRA,BLACK,1,5,1,8.25
1772,SOYBEAN,LOAM,3,14,1,8.19
1773,URAD,LOAM,3,18,0,2.76
1774,SUGARCANE,SANDY,1,5,1,182.3
1775,GROUNDNUT,BLACK,1,9,0,5.27
1776,MAIZE,LOAM,1,4,0,13.78
1777,COTTON,BLACK,3,9,1,6.47
1778,MAIZE,BLACK,1,1,0,14.72
1779,MAIZE,BLACK,2,3,1,19.97
1780,SUGARCANE,SANDY,3,7,1,227.01
1781,MAIZE,RED,1,0,1,16.11
1782,MAIZE,LOAM,2,8,1,16.98
1783,SOYBEAN,BLACK,1,12,1,5.25
1784,SUGARCANE,BLACK,3,3,0,355.3
1785,GROUNDNUT,BLACK,1,4,1,5.55
1786,GRAM,BLACK,2,13,1,5.02
1787,GROUNDNUT,BLACK,2,10,0,6.06
1788,MAIZE,LOAM,1,2,0,13.32
1789,TUR,BLACK,1,2,0,4.59
1790,BAJRA,BLACK,2,7,1,9.93
1791,SOYBEAN,BLACK,1,5,1,7.12
1792,TUR,BLACK,3,1,1,6.05
1793,ONION,BLACK,3,2,1,58.66
1794,SOYBEAN,CLAY,2,16,1,5.23
1795,JOWAR,LOAM,2,8,1,6.76
1796,MAIZE,RED,2,29,1,8.96
1797,MAIZE,BLACK,3,10,1,20.58
1798,ONION,BLACK,2,19,1,33.44
1799,TUR,BLACK,1,1,1,4.74
1800,TUR,RED,1,10,1,2.81
1801,GROUNDNUT,LOAM,2,0,1,6.05
1802,MAIZE,BLACK,2,7,1,20.14
1803,TUR,BLACK,2,4,1,5.14
1804,TUR,BLACK,1,2,1,4.18
1805,GRAM,LOAM,3,13,1,5.9
1806,TOMATO,CLAY,1,13,1,39.02
1807,GROUNDNUT,BLACK,1,0,1,6.55
1808,WHEAT,BLACK,2,6,0,10.18
1809,SUNFLOWER,BLACK,1,3,0,4.61
1810,MAIZE,BLACK,2,3,1,19.19
1811,SOYBEAN,BLACK,2,12,1,7.81
1812,MAIZE,BLACK,2,2,1,20.39
1813,BAJRA,LOAM,2,20,0,5.61
1814,TUR,LOAM,1,1,0,4.18
1815,GRAM,BLACK,1,7,0,4.25
1816,ONION,RED,3,7,0,38.46
1817,TUR,BLACK,2,2,1,5.14
1818,TUR,BLACK,2,2,0,5.09
1819,SOYBEAN,BLACK,1,12,1,5.77
1820,SOYBEAN,BLACK,2,10,1,5.7
1821,URAD,BLACK,2,2,1,3.7
1822,TUR,BLACK,2,5,1,5.08
1823,SUGARCANE,BLACK,3,0,1,312.71
1824,MAIZE,SANDY,1,1,0,12.63
1825,SOYBEAN,BLACK,1,4,1,6.42
1826,TUR,BLACK,3,0,1,7.13
1827,MAIZE,BLACK,3,12,0,18.74
1828,SOYBEAN,LOAM,1,8,0,5.26
1829,COTTON,BLACK,2,20,0,4.37
1830,SOYBEAN,RED,1,8,0,4.89
1831,GRAM,BLACK,1,19,1,3.48
1832,JOWAR,BLACK,2,5,1,6.83
1833,MAIZE,BLACK,1,6,0,15.17
1834,WHEAT,BLACK,3,26,1,8.44
1835,SUNFLOWER,BLACK,2,7,1,4.74
1836,WHEAT,BLACK,1,0,0,10.08
1837,GROUNDNUT,BLACK,1,9,1,5.25
1838,SOYBEAN,BLACK,3,16,1,7.23
1839,GROUNDNUT,BLACK,1,11,1,4.87
1840,MAIZE,SANDY,2,6,1,14.91
1841,COTTON,BLACK,2,7,1,6.32
1842,URAD,RED,2,30,0,1.62
1843,ONION,LOAM,2,0,1,47.84
1844,WHEAT,BLACK,1,7,1,8.69
1845,SOYBEAN,BLACK,1,2,0,6.49
1846,SOYBEAN,BLACK,1,7,1,6.25
1847,SUNFLOWER,LOAM,2,6,1,4.23
1848,MOONG,LOAM,2,1,0,3.77
1849,GROUNDNUT,LOAM,1,1,1,4.95
1850,MAIZE,CLAY,1,6,0,12.61
1851,BAJRA,LOAM,2,0,1,9.02
1852,SOYBEAN,BLACK,2,2,0,8.59
1853,TOMATO,BLACK,3,12,1,57.49
1854,COTTON,RED,2,2,0,5.69
1855,ONION,BLACK,2,4,0,45.36
1856,MAIZE,BLACK,2,19,0,13.49
1857,GRAM,LOAM,3,1,1,6.65
1858,COTTON,BLACK,3,3,1,7.83
1859,JOWAR,CLAY,2,6,1,5.48
1860,SUGARCANE,LOAM,1,9,1,193.57
1861,TOMATO,BLACK,1,16,1,46.05
1862,ONION,CLAY,2,17,0,25.62
1863,COTTON,BLACK,3,10,1,6.32
1864,JOWAR,BLACK,2,1,0,8.92
1865,JOWAR,BLACK,1,0,1,5.98
1866,TOMATO,BLACK,3,3,1,83.42
1867,SOYBEAN,BLACK,3,1,1,8.92
1868,COTTON,BLACK,1,8,0,4.73
1869,COTTON,BLACK,2,7,1,6.46
1870,GRAM,BLACK,2,0,0,6.18
1871,TOMATO,LOAM,3,12,0,56.42
1872,JOWAR,RED,3,2,0,7.91
1873,BAJRA,BLACK,2,3,1,9.61
1874,SOYBEAN,BLACK,2,7,1,7.62
1875,TUR,BLACK,3,3,0,5.82
1876,MAIZE,BLACK,2,4,0,16.63
1877,BAJRA,LOAM,2,0,1,9.8
1878,SUGARCANE,LOAM,3,3,1,321.64
1879,ONION,BLACK,1,10,0,32.61
1880,MAIZE,BLACK,2,17,0,17.3
1881,WHEAT,BLACK,3,3,1,12.47
1882,ONION,LOAM,3,3,1,59.57
1883,SOYBEAN,BLACK,2,8,1,7.86
1884,SOYBEAN,SANDY,1,20,1,3.59
1885,MAIZE,LOAM,2,2,0,16.67
1886,GRAM,BLACK,1,4,0,4.09
1887,MAIZE,BLACK,1,11,0,12.72
1888,TOMATO,CLAY,3,6,0,47.07
1889,TUR,BLACK,1,0,1,4.3
1890,TUR,BLACK,2,6,1,4.59
1891,MAIZE,BLACK,2,1,1,23.04
1892,TUR,RED,3,4,0,5.01
1893,COTTON,LOAM,2,5,1,6.41
1894,GROUNDNUT,LOAM,1,14,1,4.81
1895,GROUNDNUT,RED,1,4,0,4.56
1896,URAD,RED,2,2,1,3.24
1897,ONION,CLAY,2,1,0,37.32
1898,SUNFLOWER,BLACK,2,14,0,3.87
1899,GROUNDNUT,BLACK,2,1,1,7.81
1900,SOYBEAN,LOAM,1,3,1,5.55
1901,SOYBEAN,LOAM,2,1,0,8.98
1902,MAIZE,LOAM,2,10,0,15.73
1903,COTTON,BLACK,1,4,1,5.34
1904,WHEAT,LOAM,1,3,1,10.06
1905,WHEAT,LOAM,1,3,1,9.81
1906,ONION,BLACK,1,13,0,32.09
1907,ONION,BLACK,2,5,0,45.4
1908,ONION,BLACK,1,8,0,30.77
1909,JOWAR,BLACK,1,15,0,4.41
1910,COTTON,BLACK,1,16,0,4.09
1911,JOWAR,BLACK,3,2,0,8.32
1912,MAIZE,BLACK,3,21,1,18.05
1913,MAIZE,LOAM,1,0,0,14.96
1914,BAJRA,LOAM,2,3,1,8.52
1915,TUR,RED,1,15,0,3.08
1916,SUGARCANE,BLACK,2,2,1,333.08
1917,SOYBEAN,BLACK,1,2,0,6.54
1918,COTTON,RED,2,2,1,5.59
1919,MOONG,BLACK,2,6,0,3.59
1920,JOWAR,SANDY,3,4,1,8.09
1921,TUR,RED,1,9,1,3.47
1922,JOWAR,BLACK,3,15,1,6.24
1923,GRAM,SANDY,3,7,0,4.12
1924,TUR,BLACK,1,1,1,4.84
1925,MAIZE,BLACK,2,18,1,13.44
1926,SOYBEAN,LOAM,1,2,0,5.88
1927,MOONG,BLACK,1,1,1,3.29
1928,ONION,CLAY,1,0,1,39.77
1929,BAJRA,BLACK,2,5,1,10.79
1930,COTTON,BLACK,2,0,1,7.34
1931,COTTON,BLACK,3,1,1,6.35
1932,ONION,LOAM,1,2,1,42.74
1933,SUNFLOWER,BLACK,3,2,1,6.15
1934,URAD,BLACK,1,6,1,2.67
1935,COTTON,RED,3,11,1,4.77
1936,ONION,BLACK,2,10,1,42.09
1937,WHEAT,RED,1,2,1,7.54
1938,BAJRA,BLACK,3,1,0,9.12
1939,SOYBEAN,LOAM,2,23,0,4.78
1940,SUNFLOWER,LOAM,2,0,0,4.32
1941,SUNFLOWER,BLACK,2,14,0,4.64
1942,SOYBEAN,BLACK,2,1,0,7.47
1943,URAD,RED,2,20,1,2.31
1944,TUR,BLACK,3,2,0,5.07
1945,SOYBEAN,SANDY,1,4,1,4.62
1946,TOMATO,BLACK,2,8,1,62.43
1947,MAIZE,BLACK,3,6,0,18.63
1948,SOYBEAN,BLACK,1,2,0,5.9
1949,GRAM,SANDY,1,5,1,3.44
1950,COTTON,BLACK,3,9,1,6.62
1951,SOYBEAN,RED,2,0,1,8.16
1952,COTTON,RED,2,0,1,6.01
1953,MOONG,BLACK,1,4,1,3.16
1954,SOYBEAN,BLACK,2,0,1,8.72
1955,MAIZE,LOAM,1,7,1,15.41
1956,URAD,BLACK,2,1,1,3.44
1957,JOWAR,LOAM,3,3,1,7.96
1958,ONION,BLACK,1,1,0,39.67
1959,SUNFLOWER,BLACK,2,5,1,5.34
1960,TOMATO,LOAM,3,0,1,82.85
1961,MAIZE,BLACK,2,0,1,20.71
1962,TOMATO,BLACK,3,0,0,78.12
1963,TUR,BLACK,2,21,0,3.55
1964,BAJRA,BLACK,3,1,0,10.9
1965,SOYBEAN,BLACK,1,8,0,5.33
1966,SOYBEAN,RED,1,0,0,5.27
1967,COTTON,BLACK,1,0,1,6.22
1968,TUR,BLACK,2,4,0,4.98
1969,MAIZE,LOAM,3,4,0,19.93
1970,GRAM,BLACK,2,21,0,3.43
1971,MAIZE,BLACK,2,20,1,14.42
1972,URAD,CLAY,3,10,0,2.52
1973,BAJRA,LOAM,2,6,0,7.84
1974,SUNFLOWER,BLACK,2,4,1,4.97
1975,SUNFLOWER,LOAM,2,3,1,4.63
1976,TUR,BLACK,2,20,0,3.71
1977,BAJRA,LOAM,1,6,0,6.94
1978,BAJRA,BLACK,3,6,0,9.28
1979,SUNFLOWER,BLACK,1,1,1,4.12
1980,BAJRA,BLACK,1,0,0,8.0
1981,MAIZE,BLACK,3,20,1,18.39
1982,SOYBEAN,BLACK,2,2,0,7.61
1983,TUR,SANDY,2,4,1,3.82
1984,TUR,BLACK,2,0,0,5.43
1985,SUGARCANE,BLACK,2,12,0,264.1
1986,MAIZE,BLACK,1,0,1,18.55
1987,WHEAT,BLACK,2,12,0,9.7
1988,SUNFLOWER,LOAM,2,1,0,4.81
1989,SUNFLOWER,BLACK,3,15,1,5.19
1990,WHEAT,BLACK,2,9,1,11.57
1991,TUR,BLACK,3,1,0,6.16
1992,JOWAR,LOAM,1,5,1,6.18
1993,ONION,BLACK,2,2,1,46.78
1994,SOYBEAN,BLACK,2,1,1,7.24
1995,ONION,BLACK,3,13,1,48.91
1996,COTTON,BLACK,1,3,1,5.39
1997,MOONG,BLACK,2,3,0,3.33
1998,SOYBEAN,LOAM,3,1,1,9.48
1999,TUR,LOAM,1,3,0,3.32
2000,WHEAT,RED,3,14,0,8.28
2001,MAIZE,BLACK,1,3,1,15.86
2002,COTTON,BLACK,3,21,0,4.27
2003,TOMATO,BLACK,3,20,1,62.7
2004,URAD,SANDY,2,1,1,2.32
2005,COTTON,BLACK,2,1,1,6.44
2006,SOYBEAN,LOAM,1,13,0,5.16
2007,WHEAT,BLACK,3,3,0,12.94
2008,SOYBEAN,BLACK,2,0,1,7.62
2009,GRAM,BLACK,1,2,1,5.16
2010,ONION,BLACK,2,6,0,45.23
2011,COTTON,CLAY,2,11,0,5.13
2012,SOYBEAN,SANDY,1,1,1,5.22
2013,BAJRA,BLACK,1,0,0,7.86
2014,URAD,BLACK,1,17,1,2.0
2015,WHEAT,CLAY,2,9,1,8.22
2016,SUGARCANE,LOAM,2,6,1,248.68
2017,SUNFLOWER,BLACK,2,10,0,4.58
2018,GRAM,BLACK,3,3,0,6.16
2019,WHEAT,BLACK,3,9,0,11.65
2020,MAIZE,BLACK,2,3,1,22.61
2021,SOYBEAN,BLACK,1,1,1,5.47
2022,BAJRA,BLACK,2,9,1,10.07
2023,WHEAT,BLACK,2,3,1,11.82
2024,COTTON,BLACK,2,27,0,3.89
2025,COTTON,BLACK,2,3,1,6.12
2026,SOYBEAN,RED,2,17,1,4.97
2027,WHEAT,LOAM,3,18,1,10.09
2028,MAIZE,BLACK,1,1,0,18.65
2029,MAIZE,CLAY,2,11,1,15.62
2030,SUNFLOWER,CLAY,1,3,1,3.73
2031,SOYBEAN,BLACK,3,17,1,6.97
2032,WHEAT,BLACK,1,4,0,8.3
2033,MAIZE,LOAM,1,9,1,13.31
2034,SUGARCANE,RED,2,4,0,217.56
2035,URAD,SANDY,2,1,1,2.17
2036,MAIZE,RED,1,1,1,13.63
2037,TUR,LOAM,2,3,1,4.96
2038,COTTON,BLACK,2,9,1,5.85
2039,TOMATO,BLACK,1,6,1,52.97
2040,MAIZE,BLACK,2,8,0,17.59
2041,ONION,BLACK,3,2,0,53.48
2042,ONION,LOAM,2,4,1,44.96
2043,ONION,BLACK,3,0,1,50.58
2044,COTTON,LOAM,2,11,0,4.78
2045,GRAM,BLACK,2,30,0,2.87
2046,WHEAT,BLACK,1,3,1,9.99
2047,GROUNDNUT,BLACK,1,0,1,6.57
2048,MOONG,BLACK,3,1,1,4.77
2049,COTTON,LOAM,3,7,0,6.47
2050,TUR,LOAM,2,6,1,4.89
2051,COTTON,SANDY,1,10,1,3.43
2052,SUNFLOWER,BLACK,1,2,1,3.94
2053,SOYBEAN,BLACK,2,10,1,6.25
2054,SUGARCANE,BLACK,2,8,0,269.14
2055,MOONG,BLACK,1,2,1,3.1
2056,SUGARCANE,RED,3,5,0,227.93
2057,TUR,LOAM,2,1,0,4.6
2058,WHEAT,RED,3,4,1,10.41
2059,ONION,BLACK,3,14,1,47.56
2060,MAIZE,RED,3,3,1,21.15
2061,SUGARCANE,BLACK,2,12,1,245.53
2062,TUR,RED,2,6,0,3.34
2063,TUR,BLACK,2,1,1,5.55
2064,JOWAR,BLACK,2,6,0,6.55
2065,URAD,BLACK,2,4,1,3.25
2066,BAJRA,CLAY,3,3,0,8.21
2067,SOYBEAN,BLACK,3,0,1,9.67
2068,JOWAR,BLACK,3,3,0,7.95
2069,SOYBEAN,RED,3,0,1,8.06
2070,TOMATO,BLACK,1,0,1,59.5
2071,TOMATO,BLACK,1,3,1,53.12
2072,WHEAT,BLACK,2,2,1,11.49
2073,COTTON,BLACK,2,18,1,5.56
2074,BAJRA,CLAY,3,3,1,9.82
2075,COTTON,LOAM,2,9,1,6.01
2076,SUNFLOWER,BLACK,2,5,1,5.36
2077,TOMATO,SANDY,2,8,0,44.55
2078,WHEAT,BLACK,1,2,0,9.66
2079,GROUNDNUT,BLACK,2,19,0,4.3
2080,MAIZE,BLACK,3,5,0,20.76
2081,TOMATO,BLACK,1,12,1,46.54
2082,SOYBEAN,BLACK,2,3,0,8.33
2083,GRAM,CLAY,2,0,0,4.99
2084,COTTON,LOAM,1,7,0,4.17
2085,COTTON,BLACK,1,0,1,5.78
2086,SOYBEAN,BLACK,3,4,1,9.05
2087,ONION,LOAM,2,1,0,47.11
2088,MAIZE,CLAY,1,6,1,11.84
2089,GRAM,RED,1,27,0,2.41
2090,MAIZE,BLACK,2,4,1,19.49
2091,JOWAR,LOAM,2,11,1,6.42
2092,MOONG,BLACK,2,4,0,3.23
2093,WHEAT,BLACK,1,4,1,9.03
2094,MAIZE,BLACK,3,18,1,19.17
2095,MAIZE,BLACK,2,15,1,14.99
2096,WHEAT,BLACK,2,10,1,9.65
2097,GROUNDNUT,BLACK,2,2,0,6.65
2098,ONION,BLACK,2,5,0,42.16
2099,SOYBEAN,LOAM,3,1,0,7.6
2100,WHEAT,BLACK,3,4,0,12.21
2101,SOYBEAN,BLACK,2,4,0,6.36
2102,SOYBEAN,BLACK,3,12,1,7.16
2103,COTTON,SANDY,3,15,0,4.86
2104,GRAM,BLACK,3,3,1,6.93
2105,MAIZE,BLACK,1,0,1,16.25
2106,MAIZE,BLACK,2,13,1,17.57
2107,SOYBEAN,RED,1,1,1,5.99
2108,SUGARCANE,SANDY,3,6,1,257.88
2109,TOMATO,BLACK,1,0,1,57.01
2110,SOYBEAN,BLACK,2,3,1,8.61
2111,MAIZE,CLAY,2,29,1,8.19
2112,SUGARCANE,BLACK,2,0,1,281.97
2113,ONION,LOAM,2,3,0,44.65
2114,WHEAT,BLACK,3,2,1,13.94
2115,SOYBEAN,BLACK,2,16,1,5.89
2116,SOYBEAN,BLACK,3,14,0,7.05
2117,URAD,BLACK,1,1,0,2.48
2118,WHEAT,LOAM,2,0,1,11.44
2119,SOYBEAN,CLAY,2,6,1,6.75
2120,GRAM,BLACK,1,2,0,4.82
2121,SOYBEAN,RED,2,7,1,5.85
2122,GROUNDNUT,BLACK,2,0,1,6.85
2123,JOWAR,BLACK,2,1,1,7.54
2124,SOYBEAN,BLACK,3,8,1,8.34
2125,GRAM,CLAY,2,1,1,4.71
2126,WHEAT,LOAM,1,13,1,8.35
2127,TOMATO,LOAM,1,0,0,51.74
2128,MOONG,RED,2,1,1,3.42
2129,JOWAR,LOAM,1,30,1,3.04
2130,COTTON,SANDY,1,3,1,4.4
2131,JOWAR,LOAM,2,8,1,5.13
2132,ONION,CLAY,2,1,0,41.85
2133,WHEAT,BLACK,2,6,1,12.05
2134,MOONG,BLACK,3,9,0,3.46
2135,SOYBEAN,BLACK,2,2,0,8.22
2136,TUR,BLACK,2,12,0,4.29
2137,SUGARCANE,BLACK,3,6,0,294.48
2138,SUNFLOWER,BLACK,2,3,1,5.18
2139,MAIZE,LOAM,2,5,0,21.43
2140,MAIZE,BLACK,2,6,0,19.58
2141,SUNFLOWER,BLACK,1,1,1,4.49
2142,ONION,BLACK,2,3,0,43.0
2143,SOYBEAN,SANDY,2,2,0,5.66
2144,TUR,BLACK,3,3,0,5.34
2145,BAJRA,BLACK,3,10,0,10.0
2146,SUGARCANE,LOAM,2,4,0,255.88
2147,SOYBEAN,LOAM,1,19,0,3.89
2148,MAIZE,BLACK,1,2,1,16.87
2149,GROUNDNUT,BLACK,2,3,0,6.13
2150,SOYBEAN,BLACK,2,10,0,6.62
2151,TUR,SANDY,1,5,1,3.02
2152,TUR,BLACK,2,5,1,5.3
2153,BAJRA,BLACK,1,0,1,9.16
2154,WHEAT,BLACK,3,3,1,13.31
2155,MOONG,BLACK,1,2,0,2.8
2156,MAIZE,LOAM,3,30,1,12.74
2157,URAD,BLACK,3,2,0,3.77
2158,SUNFLOWER,BLACK,2,15,0,3.43
2159,GROUNDNUT,BLACK,3,7,1,7.77
2160,MAIZE,BLACK,2,2,1,22.65
2161,SOYBEAN,BLACK,2,5,1,8.09
2162,MAIZE,RED,2,12,1,14.79
2163,BAJRA,LOAM,2,15,0,7.52
2164,WHEAT,CLAY,2,1,1,10.31
2165,COTTON,RED,2,2,1,6.0
2166,SOYBEAN,LOAM,2,2,1,6.46
2167,SOYBEAN,BLACK,1,0,1,5.99
2168,WHEAT,LOAM,2,6,1,11.51
2169,COTTON,RED,1,13,0,3.11
2170,MAIZE,LOAM,1,3,1,16.18
2171,COTTON,BLACK,1,9,0,4.34
2172,MAIZE,BLACK,1,6,0,13.31
2173,ONION,RED,1,3,1,36.05
2174,ONION,LOAM,3,1,0,52.48
2175,JOWAR,SANDY,1,8,1,5.0
2176,MAIZE,BLACK,2,13,0,14.86
2177,WHEAT,BLACK,1,8,1,9.89
2178,MAIZE,BLACK,3,0,0,22.7
2179,COTTON,LOAM,2,1,0,5.6
2180,SUNFLOWER,BLACK,2,0,0,5.17
2181,COTTON,BLACK,2,5,1,6.64
2182,SUNFLOWER,SANDY,2,9,0,3.16
2183,WHEAT,BLACK,2,0,1,12.58
2184,MAIZE,RED,1,12,0,10.55
2185,COTTON,BLACK,3,5,0,6.2
2186,BAJRA,RED,2,8,0,7.71
2187,COTTON,BLACK,2,24,1,4.31
2188,JOWAR,CLAY,3,0,1,7.33
2189,SOYBEAN,CLAY,2,16,1,5.33
2190,TOMATO,BLACK,3,0,0,75.16
2191,MAIZE,BLACK,2,3,1,17.86
2192,TOMATO,BLACK,3,13,1,71.03
2193,TOMATO,LOAM,1,16,0,38.63
2194,GROUNDNUT,RED,3,4,1,6.68
2195,COTTON,BLACK,3,6,1,7.34
2196,URAD,LOAM,1,8,0,2.26
2197,SUGARCANE,BLACK,1,12,0,201.77
2198,JOWAR,RED,2,0,0,6.46
2199,TUR,SANDY,3,11,1,4.3
2200,GRAM,BLACK,1,4,0,4.83
2201,WHEAT,BLACK,2,4,0,11.41
2202,TUR,BLACK,1,3,0,4.06
2203,BAJRA,BLACK,2,4,0,8.31
2204,URAD,BLACK,2,20,0,2.57
2205,SUGARCANE,BLACK,3,5,1,317.59
2206,MAIZE,BLACK,2,21,0,12.81
2207,ONION,BLACK,3,1,1,50.89
2208,COTTON,BLACK,2,9,0,5.61
2209,SUNFLOWER,BLACK,1,11,1,3.65
2210,URAD,BLACK,2,7,1,2.77
2211,GROUNDNUT,LOAM,2,6,0,6.16
2212,SOYBEAN,LOAM,3,5,1,8.02
2213,SUNFLOWER,BLACK,3,13,1,5.87
2214,SOYBEAN,BLACK,1,12,1,5.35
2215,ONION,LOAM,1,0,1,39.61
2216,TOMATO,SANDY,1,13,1,32.34
2217,JOWAR,BLACK,3,3,1,9.47
2218,MAIZE,BLACK,3,2,1,22.59
2219,GROUNDNUT,BLACK,3,14,1,6.33
2220,MAIZE,BLACK,2,3,1,21.31
2221,SUGARCANE,BLACK,2,11,1,228.78
2222,SOYBEAN,BLACK,2,2,1,8.51
2223,SOYBEAN,LOAM,1,0,1,7.42
2224,TOMATO,BLACK,2,4,0,63.64
2225,COTTON,BLACK,1,0,1,5.9
2226,SUGARCANE,BLACK,1,9,0,214.5
2227,BAJRA,BLACK,3,2,1,13.23
2228,COTTON,BLACK,3,4,0,7.4
2229,GRAM,BLACK,2,0,0,5.87
2230,GRAM,RED,2,2,1,5.45
2231,COTTON,BLACK,2,10,0,4.99
2232,URAD,LOAM,3,1,1,3.98
2233,TUR,CLAY,3,7,1,4.39
2234,JOWAR,BLACK,3,17,0,5.99
2235,GROUNDNUT,BLACK,3,7,0,5.27
2236,MAIZE,BLACK,1,11,1,14.89
2237,COTTON,RED,2,0,0,5.09
2238,MAIZE,CLAY,2,2,1,18.29
2239,GRAM,LOAM,2,15,1,4.68
2240,COTTON,BLACK,3,8,0,6.88
2241,MAIZE,LOAM,2,7,0,15.09
2242,SOYBEAN,BLACK,1,7,1,6.63
2243,SOYBEAN,BLACK,2,3,1,9.33
2244,GRAM,BLACK,3,0,0,6.83
2245,SUGARCANE,BLACK,1,10,0,209.52
2246,SOYBEAN,LOAM,2,7,1,7.2
2247,COTTON,BLACK,2,4,1,6.18
2248,BAJRA,BLACK,1,16,0,6.41
2249,TUR,BLACK,2,2,1,4.88
2250,ONION,RED,3,2,1,47.82
2251,BAJRA,LOAM,2,14,1,6.8
2252,TUR,BLACK,3,11,1,5.12
2253,SOYBEAN,BLACK,1,5,1,6.65
2254,SOYBEAN,BLACK,1,0,1,7.12
2255,MAIZE,CLAY,3,1,1,19.46
2256,SOYBEAN,BLACK,2,7,1,7.58
2257,COTTON,BLACK,2,3,1,5.57
2258,TUR,BLACK,3,12,1,5.17
2259,MOONG,BLACK,2,20,0,2.41
2260,MAIZE,RED,3,11,0,14.85
2261,JOWAR,BLACK,1,3,1,6.49
2262,COTTON,BLACK,1,10,0,4.09
2263,TOMATO,BLACK,1,3,1,52.35
2264,SOYBEAN,BLACK,3,1,0,7.17
2265,ONION,CLAY,1,0,1,34.59
2266,URAD,BLACK,3,3,0,3.21
2267,URAD,RED,3,16,1,2.6
2268,TUR,LOAM,2,1,1,4.95
2269,SOYBEAN,BLACK,2,1,0,7.64
2270,SOYBEAN,BLACK,2,24,1,5.29
2271,GRAM,BLACK,2,0,0,6.43
2272,BAJRA,LOAM,2,10,0,8.16
2273,ONION,BLACK,2,2,0,40.18
2274,WHEAT,BLACK,3,0,0,11.58
2275,SOYBEAN,BLACK,3,17,1,7.11
2276,COTTON,LOAM,3,1,0,6.22
2277,JOWAR,BLACK,3,5,1,6.35
2278,MOONG,BLACK,2,2,0,3.92
2279,COTTON,BLACK,2,0,1,7.26
2280,ONION,BLACK,3,0,0,57.5
2281,GROUNDNUT,RED,2,0,1,6.05
2282,COTTON,BLACK,3,0,1,8.07
2283,COTTON,RED,2,10,1,4.68
2284,TOMATO,LOAM,2,4,0,58.79
2285,JOWAR,BLACK,3,2,1,8.09
2286,SOYBEAN,LOAM,3,3,0,8.89
2287,JOWAR,BLACK,1,18,0,3.81
2288,MAIZE,BLACK,3,16,1,20.04
2289,COTTON,LOAM,2,8,1,5.76
2290,COTTON,BLACK,1,15,1,4.18
2291,GRAM,LOAM,3,2,1,6.54
2292,SOYBEAN,BLACK,2,3,0,7.78
2293,COTTON,CLAY,2,6,0,5.23
2294,BAJRA,BLACK,2,6,0,9.06
2295,COTTON,BLACK,2,4,1,5.99
2296,URAD,BLACK,2,3,1,3.38
2297,BAJRA,LOAM,2,29,0,5.97
2298,SOYBEAN,LOAM,1,12,1,5.9
2299,SOYBEAN,BLACK,3,3,1,9.73
2300,SUGARCANE,RED,2,9,1,240.87
2301,ONION,BLACK,3,2,1,61.46
2302,COTTON,BLACK,2,0,1,7.5
2303,SOYBEAN,RED,2,3,1,6.54
2304,WHEAT,RED,2,3,0,8.2
2305,COTTON,LOAM,2,0,0,6.03
2306,GROUNDNUT,RED,2,11,0,4.56
2307,SOYBEAN,BLACK,2,3,1,7.31
2308,SOYBEAN,RED,2,6,1,6.09
2309,COTTON,BLACK,1,0,1,6.73
2310,BAJRA,BLACK,2,1,0,9.67
2311,MAIZE,BLACK,1,15,1,13.78
2312,SOYBEAN,BLACK,1,6,1,5.62
2313,MOONG,BLACK,3,21,1,2.63
2314,SUGARCANE,BLACK,2,30,1,158.3
2315,TOMATO,BLACK,2,3,1,74.97
2316,URAD,BLACK,2,2,0,3.23
2317,TUR,BLACK,3,13,0,5.04
2318,SOYBEAN,BLACK,2,30,0,4.48
2319,MOONG,BLACK,3,6,1,3.9
2320,WHEAT,LOAM,2,11,0,9.99
2321,GRAM,RED,3,10,1,4.8
2322,WHEAT,LOAM,3,3,1,14.13
2323,MAIZE,BLACK,3,5,0,21.15
2324,SOYBEAN,LOAM,1,12,1,4.57
2325,JOWAR,BLACK,1,8,0,4.93
2326,SOYBEAN,BLACK,1,0,0,5.39
2327,MAIZE,BLACK,1,2,1,18.32
2328,TOMATO,RED,3,1,0,61.5
2329,TUR,BLACK,1,1,1,3.79
2330,MOONG,BLACK,1,16,1,2.54
2331,SUGARCANE,BLACK,1,0,1,241.17
2332,TOMATO,RED,1,1,1,42.5
2333,GRAM,LOAM,1,2,0,4.85
2334,SUNFLOWER,BLACK,3,6,1,5.51
2335,BAJRA,BLACK,2,5,0,8.78
2336,JOWAR,BLACK,1,1,0,5.68
2337,WHEAT,LOAM,2,1,0,9.32
2338,COTTON,BLACK,2,1,0,5.57
2339,COTTON,RED,1,4,1,4.95
2340,JOWAR,BLACK,2,2,0,6.8
2341,SOYBEAN,LOAM,3,20,1,6.33
2342,COTTON,BLACK,3,4,1,6.13
2343,SOYBEAN,BLACK,3,0,1,8.5
2344,URAD,BLACK,1,9,1,2.61
2345,COTTON,BLACK,3,2,0,7.17
2346,COTTON,BLACK,3,7,1,7.96
2347,GROUNDNUT,LOAM,3,2,1,8.67
2348,SUGARCANE,BLACK,1,5,0,210.49
2349,TUR,LOAM,3,10,1,5.45
2350,COTTON,RED,3,18,1,4.72
2351,GRAM,BLACK,3,2,0,7.27
2352,MAIZE,LOAM,1,2,0,16.0
2353,SOYBEAN,LOAM,3,4,0,7.91
2354,JOWAR,BLACK,3,18,1,6.68
2355,TUR,RED,2,16,1,4.12
2356,GRAM,BLACK,2,0,1,6.45
2357,SUGARCANE,BLACK,3,0,1,393.64
2358,MAIZE,LOAM,2,4,1,15.55
2359,SOYBEAN,BLACK,2,0,1,8.67
2360,TOMATO,BLACK,2,2,1,65.47
2361,SOYBEAN,BLACK,3,1,1,10.67
2362,TUR,RED,1,7,1,4.0
2363,GRAM,CLAY,2,20,1,3.55
2364,MOONG,BLACK,2,30,1,2.45
2365,SOYBEAN,LOAM,3,3,1,9.85
2366,SOYBEAN,CLAY,2,6,0,5.77
2367,SOYBEAN,BLACK,3,13,0,8.43
2368,GRAM,BLACK,3,0,1,6.98
2369,MOONG,LOAM,1,8,0,2.45
2370,MAIZE,RED,2,3,1,18.33
2371,COTTON,RED,1,1,0,4.2
2372,SUNFLOWER,BLACK,2,3,0,4.67
2373,SOYBEAN,BLACK,2,0,0,8.56
2374,TUR,BLACK,3,8,0,5.27
2375,COTTON,BLACK,3,2,0,6.02
2376,MAIZE,BLACK,1,2,1,17.25
2377,JOWAR,LOAM,1,0,1,5.81
2378,GRAM,BLACK,2,13,1,5.3
2379,ONION,RED,2,4,1,44.54
2380,SUNFLOWER,BLACK,1,5,1,4.47
2381,GRAM,BLACK,3,5,1,6.95
2382,COTTON,BLACK,3,3,1,8.1
2383,BAJRA,BLACK,2,1,1,9.84
2384,COTTON,BLACK,3,9,0,6.61
2385,TUR,SANDY,2,0,0,4.57
2386,MAIZE,RED,3,0,0,17.73
2387,COTTON,BLACK,2,8,0,6.36
2388,URAD,BLACK,1,1,1,2.71
2389,BAJRA,CLAY,3,2,0,8.18
2390,ONION,BLACK,2,4,1,50.81
2391,SOYBEAN,BLACK,3,4,1,9.44
2392,JOWAR,BLACK,2,8,1,7.48
2393,SOYBEAN,CLAY,1,6,1,4.71
2394,GROUNDNUT,BLACK,1,7,0,5.21
2395,COTTON,BLACK,2,8,1,5.71
2396,BAJRA,CLAY,2,2,0,6.81
2397,COTTON,BLACK,2,2,1,6.16
2398,WHEAT,BLACK,2,4,1,10.89
2399,GROUNDNUT,BLACK,2,2,1,7.56
2400,TUR,RED,3,29,1,3.41
2401,WHEAT,BLACK,2,11,1,9.07
2402,ONION,SANDY,3,1,0,41.93
2403,MAIZE,LOAM,2,0,0,16.72
2404,SOYBEAN,BLACK,2,0,1,8.78
2405,GRAM,SANDY,1,1,1,3.54
2406,TOMATO,BLACK,2,0,1,64.48
2407,WHEAT,BLACK,1,5,0,9.13
2408,SOYBEAN,BLACK,2,13,1,6.41
2409,BAJRA,BLACK,1,9,1,7.28
2410,TUR,BLACK,2,1,1,4.63
2411,MAIZE,BLACK,3,3,1,24.66
2412,COTTON,BLACK,2,4,1,6.88
2413,TOMATO,RED,1,11,0,37.63
2414,TUR,BLACK,1,12,1,3.37
2415,BAJRA,SANDY,3,16,0,6.9
2416,WHEAT,BLACK,1,4,0,8.25
2417,SOYBEAN,BLACK,2,8,1,7.09
2418,ONION,BLACK,2,0,1,62.57
2419,WHEAT,BLACK,2,5,1,10.75
2420,WHEAT,BLACK,2,2,1,12.66
2421,COTTON,LOAM,3,3,1,7.39
2422,TUR,CLAY,1,7,0,3.26
2423,COTTON,SANDY,1,2,1,4.18
2424,SOYBEAN,BLACK,1,0,0,6.48
2425,SUNFLOWER,RED,1,0,1,3.75
2426,TOMATO,BLACK,1,0,0,52.77
2427,COTTON,BLACK,2,0,1,7.69
2428,TOMATO,RED,2,0,1,53.56
2429,MAIZE,LOAM,2,1,0,19.67
2430,TUR,BLACK,2,1,0,5.52
2431,GRAM,BLACK,3,30,0,3.74
2432,GRAM,BLACK,2,2,0,5.99
2433,WHEAT,LOAM,1,0,0,8.74
2434,BAJRA,BLACK,2,5,1,8.31
2435,SOYBEAN,SANDY,1,13,1,4.11
2436,WHEAT,BLACK,1,7,1,8.31
2437,MAIZE,BLACK,2,2,1,19.29
2438,COTTON,BLACK,3,5,1,6.5
2439,MAIZE,BLACK,3,8,1,20.31
2440,SOYBEAN,BLACK,1,9,1,5.63
2441,URAD,LOAM,3,7,1,2.75
2442,GRAM,RED,3,14,1,4.96
2443,SUGARCANE,CLAY,2,14,0,216.17
2444,URAD,RED,3,6,1,3.24
2445,BAJRA,RED,2,3,1,8.43
2446,SUNFLOWER,BLACK,1,7,0,3.54
2447,MOONG,RED,2,11,1,2.72
2448,SOYBEAN,BLACK,2,0,0,7.75
2449,URAD,BLACK,2,30,0,1.78
2450,ONION,BLACK,2,1,0,44.63
2451,WHEAT,BLACK,3,4,1,14.93
2452,JOWAR,BLACK,3,14,1,6.26
2453,SOYBEAN,SANDY,3,1,1,7.42
2454,MAIZE,BLACK,3,4,0,20.59
2455,TUR,BLACK,3,0,1,7.49
2456,GRAM,BLACK,1,3,1,4.94
2457,SOYBEAN,BLACK,1,1,0,6.02
2458,ONION,BLACK,2,3,1,49.42
2459,GROUNDNUT,BLACK,3,3,0,7.49
2460,GRAM,BLACK,2,30,0,2.83
2461,SUNFLOWER,BLACK,3,30,1,3.1
2462,SOYBEAN,LOAM,1,0,1,5.57
2463,TUR,LOAM,1,9,0,3.28
2464,COTTON,BLACK,3,0,0,7.23
2465,SUNFLOWER,BLACK,1,0,0,4.07
2466,GROUNDNUT,BLACK,2,0,0,5.79
2467,JOWAR,LOAM,1,23,0,3.67
2468,TOMATO,BLACK,2,19,0,48.4
2469,SOYBEAN,BLACK,3,1,1,9.24
2470,SUGARCANE,LOAM,2,1,1,273.6
2471,TOMATO,BLACK,2,1,1,67.06
2472,MAIZE,BLACK,1,5,1,15.29
2473,COTTON,BLACK,3,5,0,6.3
2474,SOYBEAN,CLAY,2,1,0,6.3
2475,WHEAT,RED,2,9,1,10.73
2476,TUR,LOAM,3,2,0,5.18
2477,GRAM,BLACK,1,17,0,3.37
2478,ONION,BLACK,3,7,0,49.2
2479,COTTON,SANDY,2,4,1,4.57
2480,TUR,SANDY,2,10,1,3.97
2481,SUNFLOWER,BLACK,1,11,1,2.92
2482,TOMATO,RED,3,2,1,63.16
2483,SOYBEAN,BLACK,3,2,1,9.82
2484,TOMATO,BLACK,1,19,0,37.0
2485,SOYBEAN,LOAM,2,1,0,6.72
2486,SUNFLOWER,BLACK,3,0,0,5.71
2487,JOWAR,CLAY,2,4,0,6.02
2488,SOYBEAN,BLACK,3,11,0,7.42
2489,TUR,BLACK,2,10,0,4.19
2490,COTTON,CLAY,3,17,0,4.54
2491,WHEAT,CLAY,2,5,0,8.32
2492,SOYBEAN,BLACK,1,0,1,7.25
2493,GRAM,BLACK,2,6,1,6.27
2494,ONION,LOAM,3,10,1,38.35
2495,WHEAT,BLACK,2,0,0,11.44
2496,MAIZE,SANDY,2,1,1,13.44
2497,TUR,CLAY,2,0,0,5.16
2498,SOYBEAN,BLACK,2,6,0,6.74
2499,SUNFLOWER,BLACK,3,15,0,4.53
2500,SUNFLOWER,BLACK,3,7,1,5.35
