State/UT,District,Commodity Group,Commodity,Date,Arrival Quantity,Arrival Unit,Modal Price,Price Unit
Maharashtra,Pune,Oil Seeds,Groundnut,01-01-2021,2.00,Metric Tonnes,3700.00,Rs./Quintal
Maharashtra,Pune,Oil Seeds,Soyabean,01-01-2021,31.00,Metric Tonnes,4343.23,Rs./Quintal
Maharashtra,Pune,Oil Seeds,Sunflower/Sunflower Seed,01-01-2021,1.00,Metric Tonnes,5291.00,Rs./Quintal
Maharashtra,Pune,Oil Seeds,Groundnut,03-01-2021,1.00,Metric Tonnes,3800.00,Rs./Quintal
Maharashtra,Pune,Oil Seeds,Groundnut,04-01-2021,1.00,Metric Tonnes,4000.00,Rs./Quintal
Maharashtra,Pune,Oil Seeds,Soyabean,05-01-2021,9.00,Metric Tonnes,4250.00,Rs./Quintal
Maharashtra,Pune,Oil Seeds,Groundnut,15-01-2021,4.00,Metric Tonnes,4701.00,Rs./Quintal
Maharashtra,Pune,Oil Seeds,Soyabean,15-01-2021,4.00,Metric Tonnes,4150.75,Rs./Quintal
Maharashtra,Pune,Oil Seeds,Sunflower/Sunflower Seed,15-01-2021,2.00,Metric Tonnes,5300.00,Rs./Quintal
Maharashtra,Pune,Oil Seeds,Soyabean,19-01-2021,7.00,Metric Tonnes,4375.00,Rs./Quintal
Maharashtra,Pune,Oil Seeds,Groundnut,22-01-2021,3.00,Metric Tonnes,4800.00,Rs./Quintal
Maharashtra,Pune,Oil Seeds,Soyabean,22-01-2021,10.00,Metric Tonnes,4323.00,Rs./Quintal
Maharashtra,Pune,Oil Seeds,Sunflower/Sunflower Seed,22-01-2021,1.00,Metric Tonnes,5119.00,Rs./Quintal
Maharashtra,Pune,Oil Seeds,Groundnut,29-01-2021,1.00,Metric Tonnes,4500.00,Rs./Quintal
Maharashtra,Pune,Oil Seeds,Soyabean,29-01-2021,6.00,Metric Tonnes,4390.00,Rs./Quintal
Maharashtra,Pune,Oil Seeds,Sunflower/Sunflower Seed,29-01-2021,3.00,Metric Tonnes,5581.00,Rs./Quintal
Maharashtra,Pune,Oil Seeds,Soyabean,04-02-2021,1.00,Metric Tonnes,4200.00,Rs./Quintal
Maharashtra,Pune,Oil Seeds,Groundnut,05-02-2021,2.00,Metric Tonnes,4970.00,Rs./Quintal
Maharashtra,Pune,Oil Seeds,Soyabean,05-02-2021,17.00,Metric Tonnes,4400.00,Rs./Quintal
Maharashtra,Pune,Oil Seeds,Sunflower/Sunflower Seed,05-02-2021,3.00,Metric Tonnes,5321.00,Rs./Quintal
Maharashtra,Pune,Oil Seeds,Groundnut,12-02-2021,1.00,Metric Tonnes,4800.00,Rs./Quintal
Maharashtra,Pune,Oil Seeds,Soyabean,12-02-2021,23.00,Metric Tonnes,4550.00,Rs./Quintal
Maharashtra,Pune,Oil Seeds,Sunflower/Sunflower Seed,12-02-2021,1.00,Metric Tonnes,5200.00,Rs./Quintal
Maharashtra,Pune,Oil Seeds,Groundnut,19-02-2021,1.00,Metric Tonnes,5151.00,Rs./Quintal
Maharashtra,Pune,Oil Seeds,Soyabean,19-02-2021,5.00,Metric Tonnes,4821.00,Rs./Quintal
Maharashtra,Pune,Oil Seeds,Sunflower/Sunflower Seed,19-02-2021,1.00,Metric Tonnes,5500.00,Rs./Quintal
Maharashtra,Pune,Oil Seeds,Groundnut,27-02-2021,1.00,Metric Tonnes,4900.00,Rs./Quintal
Maharashtra,Pune,Oil Seeds,Soyabean,27-02-2021,11.00,Metric Tonnes,4991.00,Rs./Quintal
Maharashtra,Pune,Oil Seeds,Sunflower/Sunflower Seed,27-02-2021,2.00,Metric Tonnes,5700.00,Rs./Quintal
Maharashtra,Pune,Oil Seeds,Soyabean,05-03-2021,9.00,Metric Tonnes,4500.00,Rs./Quintal
Maharashtra,Pune,Oil Seeds,Sunflower/Sunflower Seed,05-03-2021,3.00,Metric Tonnes,5551.00,Rs./Quintal
Maharashtra,Pune,Oil Seeds,Groundnut,12-03-2021,1.00,Metric Tonnes,5051.00,Rs./Quintal
Maharashtra,Pune,Oil Seeds,Soyabean,12-03-2021,10.00,Metric Tonnes,5167.00,Rs./Quintal
Maharashtra,Pune,Oil Seeds,Sunflower/Sunflower Seed,12-03-2021,4.00,Metric Tonnes,6011.00,Rs./Quintal
Maharashtra,Pune,Oil Seeds,Groundnut,13-03-2021,2.00,Metric Tonnes,4300.00,Rs./Quintal
Maharashtra,Pune,Oil Seeds,Groundnut,26-03-2021,1.00,Metric Tonnes,4800.00,Rs./Quintal
Maharashtra,Pune,Oil Seeds,Soyabean,26-03-2021,12.00,Metric Tonnes,5500.00,Rs./Quintal
Maharashtra,Pune,Oil Seeds,Sunflower/Sunflower Seed,26-03-2021,7.00,Metric Tonnes,5801.00,Rs./Quintal
Maharashtra,Pune,Oil Seeds,Soyabean,06-04-2021,10.00,Metric Tonnes,6300.00,Rs./Quintal
Maharashtra,Pune,Oil Seeds,Sunflower/Sunflower Seed,06-04-2021,8.00,Metric Tonnes,6100.00,Rs./Quintal
Maharashtra,Pune,Oil Seeds,Soyabean,27-04-2021,5.00,Metric Tonnes,6400.00,Rs./Quintal
Maharashtra,Pune,Oil Seeds,Sunflower/Sunflower Seed,27-04-2021,19.00,Metric Tonnes,6471.00,Rs./Quintal
Maharashtra,Pune,Oil Seeds,Soyabean,04-05-2021,9.00,Metric Tonnes,7000.00,Rs./Quintal
Maharashtra,Pune,Oil Seeds,Sunflower/Sunflower Seed,04-05-2021,24.00,Metric Tonnes,6500.00,Rs./Quintal
Maharashtra,Pune,Oil Seeds,Soyabean,21-05-2021,8.00,Metric Tonnes,6750.00,Rs./Quintal
Maharashtra,Pune,Oil Seeds,Sunflower/Sunflower Seed,21-05-2021,22.00,Metric Tonnes,6300.00,Rs./Quintal
Maharashtra,Pune,Oil Seeds,Soyabean,25-05-2021,8.00,Metric Tonnes,6600.00,Rs./Quintal
Maharashtra,Pune,Oil Seeds,Sunflower/Sunflower Seed,25-05-2021,41.00,Metric Tonnes,6275.00,Rs./Quintal
Maharashtra,Pune,Oil Seeds,Groundnut,27-05-2021,16.00,Metric Tonnes,4900.00,Rs./Quintal
Maharashtra,Pune,Oil Seeds,Groundnut,28-05-2021,2.00,Metric Tonnes,5300.00,Rs./Quintal
Maharashtra,Pune,Oil Seeds,Soyabean,28-05-2021,12.00,Metric Tonnes,6900.00,Rs./Quintal
Maharashtra,Pune,Oil Seeds,Sunflower/Sunflower Seed,28-05-2021,19.00,Metric Tonnes,6248.00,Rs./Quintal
Maharashtra,Pune,Oil Seeds,Groundnut,01-06-2021,7.00,Metric Tonnes,4900.00,Rs./Quintal
Maharashtra,Pune,Oil Seeds,Soyabean,01-06-2021,16.00,Metric Tonnes,6771.00,Rs./Quintal
Maharashtra,Pune,Oil Seeds,Sunflower/Sunflower Seed,01-06-2021,12.00,Metric Tonnes,6200.00,Rs./Quintal
Maharashtra,Pune,Oil Seeds,Groundnut,04-06-2021,4.00,Metric Tonnes,5111.00,Rs./Quintal
Maharashtra,Pune,Oil Seeds,Soyabean,04-06-2021,12.00,Metric Tonnes,6875.00,Rs./Quintal
Maharashtra,Pune,Oil Seeds,Sunflower/Sunflower Seed,04-06-2021,8.00,Metric Tonnes,6250.00,Rs./Quintal
Maharashtra,Pune,Oil Seeds,Groundnut,08-06-2021,2.00,Metric Tonnes,4850.00,Rs./Quintal
Maharashtra,Pune,Oil Seeds,Soyabean,08-06-2021,18.00,Metric Tonnes,7000.00,Rs./Quintal
Maharashtra,Pune,Oil Seeds,Sunflower/Sunflower Seed,08-06-2021,5.00,Metric Tonnes,6200.00,Rs./Quintal
Maharashtra,Pune,Oil Seeds,Groundnut,10-06-2021,10.00,Metric Tonnes,4700.00,Rs./Quintal
Maharashtra,Pune,Oil Seeds,Groundnut,11-06-2021,1.00,Metric Tonnes,4800.00,Rs./Quintal
Maharashtra,Pune,Oil Seeds,Soyabean,11-06-2021,10.00,Metric Tonnes,6776.00,Rs./Quintal
Maharashtra,Pune,Oil Seeds,Sunflower/Sunflower Seed,11-06-2021,4.00,Metric Tonnes,5990.00,Rs./Quintal
Maharashtra,Pune,Oil Seeds,Groundnut,13-06-2021,2.00,Metric Tonnes,4500.00,Rs./Quintal
Maharashtra,Pune,Oil Seeds,Groundnut,14-06-2021,11.00,Metric Tonnes,4700.00,Rs./Quintal
Maharashtra,Pune,Oil Seeds,Groundnut,15-06-2021,8.00,Metric Tonnes,4800.00,Rs./Quintal
Maharashtra,Pune,Oil Seeds,Soyabean,15-06-2021,17.00,Metric Tonnes,6551.00,Rs./Quintal
Maharashtra,Pune,Oil Seeds,Sunflower/Sunflower Seed,15-06-2021,3.00,Metric Tonnes,5300.00,Rs./Quintal
Maharashtra,Pune,Oil Seeds,Groundnut,18-06-2021,2.00,Metric Tonnes,4561.00,Rs./Quintal
Maharashtra,Pune,Oil Seeds,Soyabean,18-06-2021,10.00,Metric Tonnes,6500.00,Rs./Quintal
Maharashtra,Pune,Oil Seeds,Sunflower/Sunflower Seed,18-06-2021,3.00,Metric Tonnes,5300.00,Rs./Quintal
Maharashtra,Pune,Oil Seeds,Groundnut,20-06-2021,5.00,Metric Tonnes,4500.00,Rs./Quintal
Maharashtra,Pune,Oil Seeds,Sunflower/Sunflower Seed,20-06-2021,1.00,Metric Tonnes,4900.00,Rs./Quintal
Maharashtra,Pune,Oil Seeds,Groundnut,22-06-2021,5.00,Metric Tonnes,4251.00,Rs./Quintal
Maharashtra,Pune,Oil Seeds,Soyabean,22-06-2021,13.00,Metric Tonnes,7000.00,Rs./Quintal
Maharashtra,Pune,Oil Seeds,Sunflower/Sunflower Seed,22-06-2021,4.00,Metric Tonnes,5761.00,Rs./Quintal
Maharashtra,Pune,Oil Seeds,Groundnut,25-06-2021,4.00,Metric Tonnes,4400.00,Rs./Quintal
Maharashtra,Pune,Oil Seeds,Soyabean,25-06-2021,13.00,Metric Tonnes,6951.00,Rs./Quintal
Maharashtra,Pune,Oil Seeds,Sunflower/Sunflower Seed,25-06-2021,3.00,Metric Tonnes,5400.00,Rs./Quintal
Maharashtra,Pune,Oil Seeds,Groundnut,29-06-2021,3.00,Metric Tonnes,4451.00,Rs./Quintal
Maharashtra,Pune,Oil Seeds,Soyabean,29-06-2021,13.00,Metric Tonnes,6900.00,Rs./Quintal
Maharashtra,Pune,Oil Seeds,Sunflower/Sunflower Seed,29-06-2021,2.00,Metric Tonnes,5565.00,Rs./Quintal
Maharashtra,Pune,Oil Seeds,Groundnut,02-07-2021,7.00,Metric Tonnes,4200.00,Rs./Quintal
Maharashtra,Pune,Oil Seeds,Soyabean,02-07-2021,8.00,Metric Tonnes,7226.00,Rs./Quintal
Maharashtra,Pune,Oil Seeds,Sunflower/Sunflower Seed,02-07-2021,2.00,Metric Tonnes,5300.00,Rs./Quintal
Maharashtra,Pune,Oil Seeds,Groundnut,06-07-2021,6.00,Metric Tonnes,4751.00,Rs./Quintal
Maharashtra,Pune,Oil Seeds,Soyabean,06-07-2021,5.00,Metric Tonnes,6900.00,Rs./Quintal
Maharashtra,Pune,Oil Seeds,Sunflower/Sunflower Seed,06-07-2021,3.00,Metric Tonnes,5646.00,Rs./Quintal
Maharashtra,Pune,Oil Seeds,Groundnut,09-07-2021,4.00,Metric Tonnes,4400.00,Rs./Quintal
Maharashtra,Pune,Oil Seeds,Soyabean,09-07-2021,7.00,Metric Tonnes,7151.00,Rs./Quintal
Maharashtra,Pune,Oil Seeds,Sunflower/Sunflower Seed,09-07-2021,1.00,Metric Tonnes,5351.00,Rs./Quintal
Maharashtra,Pune,Oil Seeds,Groundnut,13-07-2021,2.00,Metric Tonnes,4051.00,Rs./Quintal
Maharashtra,Pune,Oil Seeds,Soyabean,13-07-2021,2.00,Metric Tonnes,7000.00,Rs./Quintal
Maharashtra,Pune,Oil Seeds,Sunflower/Sunflower Seed,13-07-2021,1.00,Metric Tonnes,5000.00,Rs./Quintal
Maharashtra,Pune,Oil Seeds,Groundnut,20-07-2021,2.00,Metric Tonnes,4451.00,Rs./Quintal
Maharashtra,Pune,Oil Seeds,Soyabean,20-07-2021,3.00,Metric Tonnes,7500.00,Rs./Quintal
Maharashtra,Pune,Oil Seeds,Sunflower/Sunflower Seed,20-07-2021,1.00,Metric Tonnes,5500.00,Rs./Quintal
Maharashtra,Pune,Oil Seeds,Groundnut,23-07-2021,3.00,Metric Tonnes,4300.00,Rs./Quintal
Maharashtra,Pune,Oil Seeds,Soyabean,23-07-2021,2.00,Metric Tonnes,7200.00,Rs./Quintal
Maharashtra,Pune,Oil Seeds,Groundnut,27-07-2021,2.00,Metric Tonnes,4900.00,Rs./Quintal
Maharashtra,Pune,Oil Seeds,Soyabean,27-07-2021,2.00,Metric Tonnes,8000.00,Rs./Quintal
Maharashtra,Pune,Oil Seeds,Groundnut,29-07-2021,1.00,Metric Tonnes,4500.00,Rs./Quintal
Maharashtra,Pune,Oil Seeds,Groundnut,30-07-2021,2.00,Metric Tonnes,5000.00,Rs./Quintal
Maharashtra,Pune,Oil Seeds,Soyabean,30-07-2021,3.00,Metric Tonnes,8000.00,Rs./Quintal
Maharashtra,Pune,Oil Seeds,Groundnut,03-08-2021,5.00,Metric Tonnes,4800.00,Rs./Quintal
Maharashtra,Pune,Oil Seeds,Soyabean,03-08-2021,5.00,Metric Tonnes,8500.00,Rs./Quintal
Maharashtra,Pune,Oil Seeds,Groundnut,06-08-2021,2.00,Metric Tonnes,5200.00,Rs./Quintal
Maharashtra,Pune,Oil Seeds,Soyabean,06-08-2021,2.00,Metric Tonnes,8800.00,Rs./Quintal
Maharashtra,Pune,Oil Seeds,Sunflower/Sunflower Seed,06-08-2021,2.00,Metric Tonnes,6000.00,Rs./Quintal
Maharashtra,Pune,Oil Seeds,Groundnut,10-08-2021,1.00,Metric Tonnes,4800.00,Rs./Quintal
Maharashtra,Pune,Oil Seeds,Soyabean,10-08-2021,3.00,Metric Tonnes,7900.00,Rs./Quintal
Maharashtra,Pune,Oil Seeds,Groundnut,13-08-2021,6.00,Metric Tonnes,5100.00,Rs./Quintal
Maharashtra,Pune,Oil Seeds,Soyabean,13-08-2021,1.00,Metric Tonnes,7500.00,Rs./Quintal
Maharashtra,Pune,Oil Seeds,Groundnut,17-08-2021,3.00,Metric Tonnes,5100.00,Rs./Quintal
Maharashtra,Pune,Oil Seeds,Soyabean,17-08-2021,1.00,Metric Tonnes,8000.00,Rs./Quintal
Maharashtra,Pune,Oil Seeds,Groundnut,20-08-2021,5.00,Metric Tonnes,5121.00,Rs./Quintal
Maharashtra,Pune,Oil Seeds,Soyabean,20-08-2021,1.00,Metric Tonnes,8000.00,Rs./Quintal
Maharashtra,Pune,Oil Seeds,Groundnut,27-08-2021,5.00,Metric Tonnes,4811.00,Rs./Quintal
Maharashtra,Pune,Oil Seeds,Soyabean,27-08-2021,4.00,Metric Tonnes,8300.00,Rs./Quintal
Maharashtra,Pune,Oil Seeds,Sunflower/Sunflower Seed,27-08-2021,1.00,Metric Tonnes,5900.00,Rs./Quintal
Maharashtra,Pune,Oil Seeds,Groundnut,03-09-2021,2.00,Metric Tonnes,4700.00,Rs./Quintal
Maharashtra,Pune,Oil Seeds,Soyabean,03-09-2021,3.00,Metric Tonnes,8300.00,Rs./Quintal
Maharashtra,Pune,Oil Seeds,Sunflower/Sunflower Seed,03-09-2021,1.00,Metric Tonnes,6000.00,Rs./Quintal
Maharashtra,Pune,Oil Seeds,Groundnut,07-09-2021,2.00,Metric Tonnes,4925.50,Rs./Quintal
Maharashtra,Pune,Oil Seeds,Soyabean,07-09-2021,2.00,Metric Tonnes,8200.00,Rs./Quintal
Maharashtra,Pune,Oil Seeds,Sunflower/Sunflower Seed,07-09-2021,2.00,Metric Tonnes,5400.00,Rs./Quintal
Maharashtra,Pune,Oil Seeds,Groundnut,14-09-2021,4.00,Metric Tonnes,5100.00,Rs./Quintal
Maharashtra,Pune,Oil Seeds,Soyabean,14-09-2021,3.00,Metric Tonnes,8271.00,Rs./Quintal
Maharashtra,Pune,Oil Seeds,Sunflower/Sunflower Seed,14-09-2021,19.00,Metric Tonnes,5000.00,Rs./Quintal
Maharashtra,Pune,Oil Seeds,Groundnut,17-09-2021,5.00,Metric Tonnes,5200.00,Rs./Quintal
Maharashtra,Pune,Oil Seeds,Soyabean,17-09-2021,12.00,Metric Tonnes,7500.00,Rs./Quintal
Maharashtra,Pune,Oil Seeds,Sunflower/Sunflower Seed,17-09-2021,14.00,Metric Tonnes,5000.00,Rs./Quintal
Maharashtra,Pune,Oil Seeds,Groundnut,21-09-2021,1.00,Metric Tonnes,5050.00,Rs./Quintal
Maharashtra,Pune,Oil Seeds,Sunflower/Sunflower Seed,21-09-2021,20.00,Metric Tonnes,4911.00,Rs./Quintal
Maharashtra,Pune,Oil Seeds,Groundnut,24-09-2021,1.00,Metric Tonnes,5000.00,Rs./Quintal
Maharashtra,Pune,Oil Seeds,Soyabean,24-09-2021,45.00,Metric Tonnes,6400.00,Rs./Quintal
Maharashtra,Pune,Oil Seeds,Sunflower/Sunflower Seed,24-09-2021,21.00,Metric Tonnes,5200.00,Rs./Quintal
Maharashtra,Pune,Oil Seeds,Groundnut,28-09-2021,2.00,Metric Tonnes,5000.00,Rs./Quintal
Maharashtra,Pune,Oil Seeds,Soyabean,28-09-2021,46.00,Metric Tonnes,6500.00,Rs./Quintal
Maharashtra,Pune,Oil Seeds,Sunflower/Sunflower Seed,28-09-2021,59.00,Metric Tonnes,5500.00,Rs./Quintal
Maharashtra,Pune,Oil Seeds,Groundnut,01-10-2021,1.00,Metric Tonnes,5400.00,Rs./Quintal
Maharashtra,Pune,Oil Seeds,Soyabean,01-10-2021,65.00,Metric Tonnes,5950.00,Rs./Quintal
Maharashtra,Pune,Oil Seeds,Sunflower/Sunflower Seed,01-10-2021,25.00,Metric Tonnes,5500.00,Rs./Quintal
Maharashtra,Pune,Oil Seeds,Groundnut,05-10-2021,1.00,Metric Tonnes,5900.00,Rs./Quintal
Maharashtra,Pune,Oil Seeds,Soyabean,05-10-2021,111.00,Metric Tonnes,5600.00,Rs./Quintal
Maharashtra,Pune,Oil Seeds,Sunflower/Sunflower Seed,05-10-2021,34.00,Metric Tonnes,5400.00,Rs./Quintal
Maharashtra,Pune,Oil Seeds,Soyabean,08-10-2021,61.00,Metric Tonnes,5750.00,Rs./Quintal
Maharashtra,Pune,Oil Seeds,Sunflower/Sunflower Seed,08-10-2021,40.00,Metric Tonnes,5900.00,Rs./Quintal
Maharashtra,Pune,Oil Seeds,Soyabean,12-10-2021,90.00,Metric Tonnes,5300.00,Rs./Quintal
Maharashtra,Pune,Oil Seeds,Sunflower/Sunflower Seed,12-10-2021,51.00,Metric Tonnes,5900.00,Rs./Quintal
Maharashtra,Pune,Oil Seeds,Groundnut,15-10-2021,1.00,Metric Tonnes,5200.00,Rs./Quintal
Maharashtra,Pune,Oil Seeds,Sunflower/Sunflower Seed,15-10-2021,40.00,Metric Tonnes,5400.00,Rs./Quintal
Maharashtra,Pune,Oil Seeds,Groundnut,19-10-2021,1.00,Metric Tonnes,5100.00,Rs./Quintal
Maharashtra,Pune,Oil Seeds,Soyabean,19-10-2021,106.00,Metric Tonnes,5000.00,Rs./Quintal
Maharashtra,Pune,Oil Seeds,Sunflower/Sunflower Seed,19-10-2021,39.00,Metric Tonnes,5350.00,Rs./Quintal
Maharashtra,Pune,Oil Seeds,Groundnut,22-10-2021,3.00,Metric Tonnes,5400.00,Rs./Quintal
Maharashtra,Pune,Oil Seeds,Soyabean,22-10-2021,110.00,Metric Tonnes,5000.00,Rs./Quintal
Maharashtra,Pune,Oil Seeds,Sunflower/Sunflower Seed,22-10-2021,41.00,Metric Tonnes,5350.00,Rs./Quintal
Maharashtra,Pune,Oil Seeds,Groundnut,26-10-2021,1.00,Metric Tonnes,5000.00,Rs./Quintal
Maharashtra,Pune,Oil Seeds,Soyabean,26-10-2021,104.00,Metric Tonnes,4800.00,Rs./Quintal
Maharashtra,Pune,Oil Seeds,Sunflower/Sunflower Seed,26-10-2021,28.00,Metric Tonnes,5300.00,Rs./Quintal
Maharashtra,Pune,Oil Seeds,Groundnut,29-10-2021,1.00,Metric Tonnes,4980.00,Rs./Quintal
Maharashtra,Pune,Oil Seeds,Soyabean,29-10-2021,55.00,Metric Tonnes,5061.00,Rs./Quintal
Maharashtra,Pune,Oil Seeds,Sunflower/Sunflower Seed,29-10-2021,22.00,Metric Tonnes,5300.00,Rs./Quintal
Maharashtra,Pune,Oil Seeds,Groundnut,12-11-2021,1.00,Metric Tonnes,4501.00,Rs./Quintal
Maharashtra,Pune,Oil Seeds,Soyabean,12-11-2021,50.00,Metric Tonnes,5200.00,Rs./Quintal
Maharashtra,Pune,Oil Seeds,Sunflower/Sunflower Seed,12-11-2021,21.00,Metric Tonnes,5500.00,Rs./Quintal
Maharashtra,Pune,Oil Seeds,Groundnut,16-11-2021,1.00,Metric Tonnes,4700.00,Rs./Quintal
Maharashtra,Pune,Oil Seeds,Soyabean,16-11-2021,71.00,Metric Tonnes,5759.58,Rs./Quintal
Maharashtra,Pune,Oil Seeds,Sunflower/Sunflower Seed,16-11-2021,10.00,Metric Tonnes,5660.00,Rs./Quintal
Maharashtra,Pune,Oil Seeds,Groundnut,19-11-2021,1.00,Metric Tonnes,4900.00,Rs./Quintal
Maharashtra,Pune,Oil Seeds,Soyabean,19-11-2021,58.00,Metric Tonnes,5900.00,Rs./Quintal
Maharashtra,Pune,Oil Seeds,Sunflower/Sunflower Seed,19-11-2021,8.00,Metric Tonnes,5800.00,Rs./Quintal
Maharashtra,Pune,Oil Seeds,Soyabean,21-11-2021,1.00,Metric Tonnes,5200.00,Rs./Quintal
Maharashtra,Pune,Oil Seeds,Groundnut,23-11-2021,2.00,Metric Tonnes,5300.00,Rs./Quintal
Maharashtra,Pune,Oil Seeds,Soyabean,23-11-2021,67.00,Metric Tonnes,6550.00,Rs./Quintal
Maharashtra,Pune,Oil Seeds,Sunflower/Sunflower Seed,23-11-2021,7.00,Metric Tonnes,5970.00,Rs./Quintal
Maharashtra,Pune,Oil Seeds,Groundnut,26-11-2021,1.00,Metric Tonnes,4975.00,Rs./Quintal
Maharashtra,Pune,Oil Seeds,Soyabean,26-11-2021,53.00,Metric Tonnes,6551.00,Rs./Quintal
Maharashtra,Pune,Oil Seeds,Sunflower/Sunflower Seed,26-11-2021,7.00,Metric Tonnes,6000.00,Rs./Quintal
Maharashtra,Pune,Oil Seeds,Soyabean,30-11-2021,58.00,Metric Tonnes,6050.00,Rs./Quintal
Maharashtra,Pune,Oil Seeds,Sunflower/Sunflower Seed,30-11-2021,4.00,Metric Tonnes,6000.00,Rs./Quintal
Maharashtra,Pune,Oil Seeds,Soyabean,02-12-2021,1.00,Metric Tonnes,6000.00,Rs./Quintal
Maharashtra,Pune,Oil Seeds,Groundnut,03-12-2021,1.00,Metric Tonnes,4500.00,Rs./Quintal
Maharashtra,Pune,Oil Seeds,Soyabean,03-12-2021,34.00,Metric Tonnes,6471.00,Rs./Quintal
Maharashtra,Pune,Oil Seeds,Sunflower/Sunflower Seed,03-12-2021,3.00,Metric Tonnes,6002.00,Rs./Quintal
Maharashtra,Pune,Oil Seeds,Soyabean,07-12-2021,55.00,Metric Tonnes,6385.45,Rs./Quintal
Maharashtra,Pune,Oil Seeds,Sunflower/Sunflower Seed,07-12-2021,7.00,Metric Tonnes,6000.00,Rs./Quintal
Maharashtra,Pune,Oil Seeds,Soyabean,10-12-2021,54.00,Metric Tonnes,6400.00,Rs./Quintal
Maharashtra,Pune,Oil Seeds,Sunflower/Sunflower Seed,10-12-2021,6.00,Metric Tonnes,6100.00,Rs./Quintal
Maharashtra,Pune,Oil Seeds,Soyabean,13-12-2021,1.00,Metric Tonnes,6000.00,Rs./Quintal
Maharashtra,Pune,Oil Seeds,Groundnut,14-12-2021,1.00,Metric Tonnes,4700.00,Rs./Quintal
Maharashtra,Pune,Oil Seeds,Soyabean,14-12-2021,77.00,Metric Tonnes,6320.00,Rs./Quintal
Maharashtra,Pune,Oil Seeds,Sunflower/Sunflower Seed,14-12-2021,3.00,Metric Tonnes,5600.00,Rs./Quintal
Maharashtra,Pune,Oil Seeds,Groundnut,17-12-2021,1.00,Metric Tonnes,4700.00,Rs./Quintal
Maharashtra,Pune,Oil Seeds,Soyabean,17-12-2021,57.00,Metric Tonnes,6275.00,Rs./Quintal
Maharashtra,Pune,Oil Seeds,Sunflower/Sunflower Seed,17-12-2021,9.00,Metric Tonnes,5600.00,Rs./Quintal
Maharashtra,Pune,Oil Seeds,Soyabean,18-12-2021,1.00,Metric Tonnes,6000.00,Rs./Quintal
Maharashtra,Pune,Oil Seeds,Groundnut,21-12-2021,1.00,Metric Tonnes,4400.00,Rs./Quintal
Maharashtra,Pune,Oil Seeds,Soyabean,21-12-2021,51.00,Metric Tonnes,5900.00,Rs./Quintal
Maharashtra,Pune,Oil Seeds,Sunflower/Sunflower Seed,21-12-2021,3.00,Metric Tonnes,5500.00,Rs./Quintal
Maharashtra,Pune,Oil Seeds,Soyabean,24-12-2021,49.00,Metric Tonnes,6228.57,Rs./Quintal
Maharashtra,Pune,Oil Seeds,Sunflower/Sunflower Seed,24-12-2021,3.00,Metric Tonnes,5500.00,Rs./Quintal
Maharashtra,Pune,Oil Seeds,Soyabean,28-12-2021,46.00,Metric Tonnes,6331.00,Rs./Quintal
Maharashtra,Pune,Oil Seeds,Sunflower/Sunflower Seed,28-12-2021,1.00,Metric Tonnes,5175.00,Rs./Quintal
Maharashtra,Pune,Oil Seeds,Soyabean,31-12-2021,42.00,Metric Tonnes,6196.45,Rs./Quintal
Maharashtra,Pune,Oil Seeds,Sunflower/Sunflower Seed,31-12-2021,2.00,Metric Tonnes,5000.00,Rs./Quintal
Maharashtra,Pune,Oil Seeds,Soyabean,02-01-2022,1.00,Metric Tonnes,5900.00,Rs./Quintal
Maharashtra,Pune,Oil Seeds,Soyabean,03-01-2022,1.00,Metric Tonnes,6100.00,Rs./Quintal
Maharashtra,Pune,Oil Seeds,Soyabean,08-01-2022,71.00,Metric Tonnes,6250.00,Rs./Quintal
Maharashtra,Pune,Oil Seeds,Sunflower/Sunflower Seed,08-01-2022,2.00,Metric Tonnes,5200.00,Rs./Quintal
Maharashtra,Pune,Oil Seeds,Groundnut,14-01-2022,1.00,Metric Tonnes,4800.00,Rs./Quintal
Maharashtra,Pune,Oil Seeds,Soyabean,14-01-2022,29.00,Metric Tonnes,6141.00,Rs./Quintal
Maharashtra,Pune,Oil Seeds,Sunflower/Sunflower Seed,14-01-2022,1.00,Metric Tonnes,5001.00,Rs./Quintal
Maharashtra,Pune,Oil Seeds,Soyabean,17-01-2022,1.00,Metric Tonnes,5500.00,Rs./Quintal
Maharashtra,Pune,Oil Seeds,Soyabean,18-01-2022,43.00,Metric Tonnes,6140.00,Rs./Quintal
Maharashtra,Pune,Oil Seeds,Sunflower/Sunflower Seed,18-01-2022,2.00,Metric Tonnes,5600.00,Rs./Quintal
Maharashtra,Pune,Oil Seeds,Soyabean,20-01-2022,1.00,Metric Tonnes,5800.00,Rs./Quintal
Maharashtra,Pune,Oil Seeds,Groundnut,21-01-2022,1.00,Metric Tonnes,5561.00,Rs./Quintal
Maharashtra,Pune,Oil Seeds,Soyabean,21-01-2022,50.00,Metric Tonnes,6181.00,Rs./Quintal
Maharashtra,Pune,Oil Seeds,Sunflower/Sunflower Seed,21-01-2022,2.00,Metric Tonnes,5581.00,Rs./Quintal
Maharashtra,Pune,Oil Seeds,Soyabean,25-01-2022,47.00,Metric Tonnes,6083.19,Rs./Quintal
Maharashtra,Pune,Oil Seeds,Sunflower/Sunflower Seed,25-01-2022,1.00,Metric Tonnes,5751.00,Rs./Quintal
Maharashtra,Pune,Oil Seeds,Soyabean,27-01-2022,1.00,Metric Tonnes,6000.00,Rs./Quintal
Maharashtra,Pune,Oil Seeds,Soyabean,28-01-2022,39.00,Metric Tonnes,5950.00,Rs./Quintal
Maharashtra,Pune,Oil Seeds,Sunflower/Sunflower Seed,28-01-2022,3.00,Metric Tonnes,5800.00,Rs./Quintal
Maharashtra,Pune,Oil Seeds,Soyabean,01-02-2022,40.00,Metric Tonnes,5940.00,Rs./Quintal
Maharashtra,Pune,Oil Seeds,Soyabean,03-02-2022,1.00,Metric Tonnes,5900.00,Rs./Quintal
Maharashtra,Pune,Oil Seeds,Soyabean,04-02-2022,52.00,Metric Tonnes,6120.00,Rs./Quintal
Maharashtra,Pune,Oil Seeds,Sunflower/Sunflower Seed,04-02-2022,1.00,Metric Tonnes,5400.00,Rs./Quintal
Maharashtra,Pune,Oil Seeds,Soyabean,06-02-2022,1.00,Metric Tonnes,6100.00,Rs./Quintal
Maharashtra,Pune,Oil Seeds,Groundnut,08-02-2022,1.00,Metric Tonnes,4100.00,Rs./Quintal
Maharashtra,Pune,Oil Seeds,Soyabean,08-02-2022,46.00,Metric Tonnes,6250.00,Rs./Quintal
Maharashtra,Pune,Oil Seeds,Sunflower/Sunflower Seed,08-02-2022,3.00,Metric Tonnes,5951.00,Rs./Quintal
Maharashtra,Pune,Oil Seeds,Groundnut,11-02-2022,1.00,Metric Tonnes,5151.00,Rs./Quintal
Maharashtra,Pune,Oil Seeds,Soyabean,11-02-2022,40.00,Metric Tonnes,6217.00,Rs./Quintal
Maharashtra,Pune,Oil Seeds,Sunflower/Sunflower Seed,11-02-2022,3.00,Metric Tonnes,6075.00,Rs./Quintal
Maharashtra,Pune,Oil Seeds,Soyabean,15-02-2022,29.00,Metric Tonnes,6351.00,Rs./Quintal
Maharashtra,Pune,Oil Seeds,Sunflower/Sunflower Seed,15-02-2022,3.00,Metric Tonnes,6201.00,Rs./Quintal
Maharashtra,Pune,Oil Seeds,Soyabean,18-02-2022,46.00,Metric Tonnes,6440.00,Rs./Quintal
Maharashtra,Pune,Oil Seeds,Sunflower/Sunflower Seed,18-02-2022,5.00,Metric Tonnes,6200.00,Rs./Quintal
Maharashtra,Pune,Oil Seeds,Soyabean,20-02-2022,1.00,Metric Tonnes,6300.00,Rs./Quintal
Maharashtra,Pune,Oil Seeds,Groundnut,22-02-2022,1.00,Metric Tonnes,4951.00,Rs./Quintal
Maharashtra,Pune,Oil Seeds,Soyabean,22-02-2022,35.00,Metric Tonnes,6680.00,Rs./Quintal
Maharashtra,Pune,Oil Seeds,Sunflower/Sunflower Seed,22-02-2022,2.00,Metric Tonnes,5800.00,Rs./Quintal
Maharashtra,Pune,Oil Seeds,Soyabean,25-02-2022,21.00,Metric Tonnes,6760.00,Rs./Quintal
Maharashtra,Pune,Oil Seeds,Sunflower/Sunflower Seed,25-02-2022,5.00,Metric Tonnes,6478.00,Rs./Quintal
Maharashtra,Pune,Oil Seeds,Groundnut,03-03-2022,1.00,Metric Tonnes,5100.00,Rs./Quintal
Maharashtra,Pune,Oil Seeds,Groundnut,04-03-2022,1.00,Metric Tonnes,5351.00,Rs./Quintal
Maharashtra,Pune,Oil Seeds,Soyabean,04-03-2022,25.00,Metric Tonnes,6990.00,Rs./Quintal
Maharashtra,Pune,Oil Seeds,Sunflower/Sunflower Seed,04-03-2022,4.00,Metric Tonnes,6351.00,Rs./Quintal
Maharashtra,Pune,Oil Seeds,Soyabean,07-03-2022,1.00,Metric Tonnes,6500.00,Rs./Quintal
Maharashtra,Pune,Oil Seeds,Soyabean,08-03-2022,36.00,Metric Tonnes,7000.00,Rs./Quintal
Maharashtra,Pune,Oil Seeds,Sunflower/Sunflower Seed,08-03-2022,2.00,Metric Tonnes,6801.00,Rs./Quintal
Maharashtra,Pune,Oil Seeds,Soyabean,11-03-2022,30.00,Metric Tonnes,7151.00,Rs./Quintal
Maharashtra,Pune,Oil Seeds,Sunflower/Sunflower Seed,11-03-2022,2.00,Metric Tonnes,7401.00,Rs./Quintal
Maharashtra,Pune,Oil Seeds,Soyabean,15-03-2022,35.00,Metric Tonnes,7031.00,Rs./Quintal
Maharashtra,Pune,Oil Seeds,Soyabean,17-03-2022,1.00,Metric Tonnes,7000.00,Rs./Quintal
Maharashtra,Pune,Oil Seeds,Groundnut,22-03-2022,1.00,Metric Tonnes,5200.00,Rs./Quintal
Maharashtra,Pune,Oil Seeds,Soyabean,22-03-2022,65.00,Metric Tonnes,7151.00,Rs./Quintal
Maharashtra,Pune,Oil Seeds,Sunflower/Sunflower Seed,22-03-2022,6.00,Metric Tonnes,7100.00,Rs./Quintal
Maharashtra,Pune,Oil Seeds,Soyabean,25-03-2022,40.00,Metric Tonnes,7160.00,Rs./Quintal
Maharashtra,Pune,Oil Seeds,Sunflower/Sunflower Seed,25-03-2022,1.00,Metric Tonnes,7150.00,Rs./Quintal
Maharashtra,Pune,Oil Seeds,Soyabean,29-03-2022,4.00,Metric Tonnes,6900.00,Rs./Quintal
Maharashtra,Pune,Oil Seeds,Soyabean,04-04-2022,1.00,Metric Tonnes,6900.00,Rs./Quintal
Maharashtra,Pune,Oil Seeds,Soyabean,05-04-2022,29.00,Metric Tonnes,7190.00,Rs./Quintal
Maharashtra,Pune,Oil Seeds,Sunflower/Sunflower Seed,05-04-2022,5.00,Metric Tonnes,7175.00,Rs./Quintal
Maharashtra,Pune,Oil Seeds,Soyabean,08-04-2022,49.00,Metric Tonnes,7167.51,Rs./Quintal
Maharashtra,Pune,Oil Seeds,Sunflower/Sunflower Seed,08-04-2022,3.00,Metric Tonnes,7100.00,Rs./Quintal
Maharashtra,Pune,Oil Seeds,Soyabean,12-04-2022,48.00,Metric Tonnes,7200.00,Rs./Quintal
Maharashtra,Pune,Oil Seeds,Sunflower/Sunflower Seed,12-04-2022,3.00,Metric Tonnes,7000.00,Rs./Quintal
Maharashtra,Pune,Oil Seeds,Soyabean,15-04-2022,16.00,Metric Tonnes,7200.00,Rs./Quintal
Maharashtra,Pune,Oil Seeds,Sunflower/Sunflower Seed,15-04-2022,4.00,Metric Tonnes,6900.00,Rs./Quintal
Maharashtra,Pune,Oil Seeds,Soyabean,19-04-2022,34.00,Metric Tonnes,7239.00,Rs./Quintal
Maharashtra,Pune,Oil Seeds,Sunflower/Sunflower Seed,19-04-2022,5.00,Metric Tonnes,7200.00,Rs./Quintal
Maharashtra,Pune,Oil Seeds,Soyabean,22-04-2022,31.00,Metric Tonnes,7000.00,Rs./Quintal
Maharashtra,Pune,Oil Seeds,Sunflower/Sunflower Seed,22-04-2022,2.00,Metric Tonnes,6850.00,Rs./Quintal
Maharashtra,Pune,Oil Seeds,Groundnut,23-04-2022,1.00,Metric Tonnes,3600.00,Rs./Quintal
Maharashtra,Pune,Oil Seeds,Soyabean,26-04-2022,21.00,Metric Tonnes,7040.00,Rs./Quintal
Maharashtra,Pune,Oil Seeds,Sunflower/Sunflower Seed,26-04-2022,3.00,Metric Tonnes,7151.00,Rs./Quintal
Maharashtra,Pune,Oil Seeds,Groundnut,29-04-2022,1.00,Metric Tonnes,5521.00,Rs./Quintal
Maharashtra,Pune,Oil Seeds,Soyabean,29-04-2022,20.00,Metric Tonnes,7016.00,Rs./Quintal
Maharashtra,Pune,Oil Seeds,Sunflower/Sunflower Seed,29-04-2022,7.00,Metric Tonnes,7290.00,Rs./Quintal
Maharashtra,Pune,Oil Seeds,Soyabean,03-05-2022,1.00,Metric Tonnes,6600.00,Rs./Quintal
Maharashtra,Pune,Oil Seeds,Soyabean,06-05-2022,43.00,Metric Tonnes,6990.00,Rs./Quintal
Maharashtra,Pune,Oil Seeds,Sunflower/Sunflower Seed,06-05-2022,4.00,Metric Tonnes,6981.00,Rs./Quintal
Maharashtra,Pune,Oil Seeds,Sunflower/Sunflower Seed,08-05-2022,1.00,Metric Tonnes,6450.00,Rs./Quintal
Maharashtra,Pune,Oil Seeds,Soyabean,13-05-2022,45.00,Metric Tonnes,6400.00,Rs./Quintal
Maharashtra,Pune,Oil Seeds,Sunflower/Sunflower Seed,13-05-2022,10.00,Metric Tonnes,6700.00,Rs./Quintal
Maharashtra,Pune,Oil Seeds,Groundnut,17-05-2022,1.00,Metric Tonnes,5750.00,Rs./Quintal
Maharashtra,Pune,Oil Seeds,Soyabean,17-05-2022,62.00,Metric Tonnes,6601.00,Rs./Quintal
Maharashtra,Pune,Oil Seeds,Sunflower/Sunflower Seed,17-05-2022,12.00,Metric Tonnes,6800.00,Rs./Quintal
Maharashtra,Pune,Oil Seeds,Soyabean,20-05-2022,74.00,Metric Tonnes,6400.00,Rs./Quintal
Maharashtra,Pune,Oil Seeds,Sunflower/Sunflower Seed,20-05-2022,7.00,Metric Tonnes,6500.00,Rs./Quintal
Maharashtra,Pune,Oil Seeds,Groundnut,24-05-2022,1.00,Metric Tonnes,6051.00,Rs./Quintal
Maharashtra,Pune,Oil Seeds,Soyabean,24-05-2022,93.00,Metric Tonnes,6400.00,Rs./Quintal
Maharashtra,Pune,Oil Seeds,Sunflower/Sunflower Seed,24-05-2022,16.00,Metric Tonnes,6800.00,Rs./Quintal
Maharashtra,Pune,Oil Seeds,Soyabean,27-05-2022,131.00,Metric Tonnes,5960.00,Rs./Quintal
Maharashtra,Pune,Oil Seeds,Sunflower/Sunflower Seed,27-05-2022,10.00,Metric Tonnes,6600.00,Rs./Quintal
Maharashtra,Pune,Oil Seeds,Groundnut,31-05-2022,1.00,Metric Tonnes,6000.00,Rs./Quintal
Maharashtra,Pune,Oil Seeds,Soyabean,31-05-2022,96.00,Metric Tonnes,5900.00,Rs./Quintal
Maharashtra,Pune,Oil Seeds,Sunflower/Sunflower Seed,31-05-2022,14.00,Metric Tonnes,6200.00,Rs./Quintal
Maharashtra,Pune,Oil Seeds,Groundnut,03-06-2022,3.00,Metric Tonnes,4500.00,Rs./Quintal
Maharashtra,Pune,Oil Seeds,Soyabean,03-06-2022,72.00,Metric Tonnes,6040.00,Rs./Quintal
Maharashtra,Pune,Oil Seeds,Sunflower/Sunflower Seed,03-06-2022,14.00,Metric Tonnes,6000.00,Rs./Quintal
Maharashtra,Pune,Oil Seeds,Soyabean,05-06-2022,1.00,Metric Tonnes,6200.00,Rs./Quintal
Maharashtra,Pune,Oil Seeds,Groundnut,07-06-2022,2.00,Metric Tonnes,5300.00,Rs./Quintal
Maharashtra,Pune,Oil Seeds,Soyabean,07-06-2022,61.00,Metric Tonnes,6100.00,Rs./Quintal
Maharashtra,Pune,Oil Seeds,Sunflower/Sunflower Seed,07-06-2022,20.00,Metric Tonnes,6250.00,Rs./Quintal
Maharashtra,Pune,Oil Seeds,Groundnut,10-06-2022,2.00,Metric Tonnes,5601.00,Rs./Quintal
Maharashtra,Pune,Oil Seeds,Soyabean,10-06-2022,48.00,Metric Tonnes,6251.00,Rs./Quintal
Maharashtra,Pune,Oil Seeds,Sunflower/Sunflower Seed,10-06-2022,12.00,Metric Tonnes,6375.00,Rs./Quintal
Maharashtra,Pune,Oil Seeds,Groundnut,14-06-2022,2.00,Metric Tonnes,5700.00,Rs./Quintal
Maharashtra,Pune,Oil Seeds,Soyabean,14-06-2022,53.00,Metric Tonnes,6290.00,Rs./Quintal
Maharashtra,Pune,Oil Seeds,Sunflower/Sunflower Seed,14-06-2022,9.00,Metric Tonnes,6301.00,Rs./Quintal
Maharashtra,Pune,Oil Seeds,Soyabean,16-06-2022,1.00,Metric Tonnes,6251.00,Rs./Quintal
Maharashtra,Pune,Oil Seeds,Groundnut,17-06-2022,3.00,Metric Tonnes,5400.00,Rs./Quintal
Maharashtra,Pune,Oil Seeds,Soyabean,17-06-2022,32.00,Metric Tonnes,6281.00,Rs./Quintal
Maharashtra,Pune,Oil Seeds,Sunflower/Sunflower Seed,17-06-2022,7.00,Metric Tonnes,6391.00,Rs./Quintal
Maharashtra,Pune,Oil Seeds,Groundnut,21-06-2022,1.00,Metric Tonnes,5480.00,Rs./Quintal
Maharashtra,Pune,Oil Seeds,Soyabean,21-06-2022,19.00,Metric Tonnes,5950.00,Rs./Quintal
Maharashtra,Pune,Oil Seeds,Sunflower/Sunflower Seed,21-06-2022,4.00,Metric Tonnes,6141.00,Rs./Quintal
Maharashtra,Pune,Oil Seeds,Groundnut,24-06-2022,1.00,Metric Tonnes,5100.00,Rs./Quintal
Maharashtra,Pune,Oil Seeds,Soyabean,24-06-2022,11.00,Metric Tonnes,6016.00,Rs./Quintal
Maharashtra,Pune,Oil Seeds,Sunflower/Sunflower Seed,24-06-2022,6.00,Metric Tonnes,5600.00,Rs./Quintal
Maharashtra,Pune,Oil Seeds,Groundnut,27-06-2022,3.00,Metric Tonnes,4000.00,Rs./Quintal
Maharashtra,Pune,Oil Seeds,Groundnut,28-06-2022,1.00,Metric Tonnes,3050.00,Rs./Quintal
Maharashtra,Pune,Oil Seeds,Soyabean,01-07-2022,1.00,Metric Tonnes,6000.00,Rs./Quintal
Maharashtra,Pune,Oil Seeds,Groundnut,08-07-2022,4.00,Metric Tonnes,5400.00,Rs./Quintal
Maharashtra,Pune,Oil Seeds,Soyabean,08-07-2022,42.00,Metric Tonnes,5850.00,Rs./Quintal
Maharashtra,Pune,Oil Seeds,Sunflower/Sunflower Seed,08-07-2022,4.00,Metric Tonnes,5900.00,Rs./Quintal
Maharashtra,Pune,Oil Seeds,Soyabean,14-07-2022,1.00,Metric Tonnes,5700.00,Rs./Quintal
Maharashtra,Pune,Oil Seeds,Groundnut,15-07-2022,1.00,Metric Tonnes,5600.00,Rs./Quintal
Maharashtra,Pune,Oil Seeds,Soyabean,15-07-2022,22.00,Metric Tonnes,5900.00,Rs./Quintal
Maharashtra,Pune,Oil Seeds,Sunflower/Sunflower Seed,15-07-2022,1.00,Metric Tonnes,6200.00,Rs./Quintal
Maharashtra,Pune,Oil Seeds,Groundnut,22-07-2022,1.00,Metric Tonnes,5502.00,Rs./Quintal
Maharashtra,Pune,Oil Seeds,Soyabean,22-07-2022,38.00,Metric Tonnes,5960.00,Rs./Quintal
Maharashtra,Pune,Oil Seeds,Sunflower/Sunflower Seed,22-07-2022,1.00,Metric Tonnes,5200.00,Rs./Quintal
Maharashtra,Pune,Oil Seeds,Groundnut,29-07-2022,2.00,Metric Tonnes,5500.00,Rs./Quintal
Maharashtra,Pune,Oil Seeds,Soyabean,29-07-2022,36.00,Metric Tonnes,6090.00,Rs./Quintal
Maharashtra,Pune,Oil Seeds,Sunflower/Sunflower Seed,29-07-2022,1.00,Metric Tonnes,6231.00,Rs./Quintal
Maharashtra,Pune,Oil Seeds,Soyabean,30-07-2022,1.00,Metric Tonnes,5800.00,Rs./Quintal
Maharashtra,Pune,Oil Seeds,Groundnut,31-07-2022,2.00,Metric Tonnes,5100.00,Rs./Quintal
Maharashtra,Pune,Oil Seeds,Groundnut,01-08-2022,2.00,Metric Tonnes,5800.00,Rs./Quintal
Maharashtra,Pune,Oil Seeds,Groundnut,04-08-2022,1.00,Metric Tonnes,5511.00,Rs./Quintal
Maharashtra,Pune,Oil Seeds,Groundnut,05-08-2022,2.00,Metric Tonnes,5451.00,Rs./Quintal
Maharashtra,Pune,Oil Seeds,Soyabean,05-08-2022,36.00,Metric Tonnes,5960.00,Rs./Quintal
Maharashtra,Pune,Oil Seeds,Sunflower/Sunflower Seed,05-08-2022,3.00,Metric Tonnes,5501.00,Rs./Quintal
Maharashtra,Pune,Oil Seeds,Groundnut,08-08-2022,1.00,Metric Tonnes,5751.00,Rs./Quintal
Maharashtra,Pune,Oil Seeds,Groundnut,12-08-2022,4.00,Metric Tonnes,5711.00,Rs./Quintal
Maharashtra,Pune,Oil Seeds,Soyabean,12-08-2022,26.00,Metric Tonnes,5977.00,Rs./Quintal
Maharashtra,Pune,Oil Seeds,Groundnut,18-08-2022,1.00,Metric Tonnes,5000.00,Rs./Quintal
Maharashtra,Pune,Oil Seeds,Soyabean,18-08-2022,1.00,Metric Tonnes,6000.00,Rs./Quintal
Maharashtra,Pune,Oil Seeds,Groundnut,19-08-2022,4.00,Metric Tonnes,5800.00,Rs./Quintal
Maharashtra,Pune,Oil Seeds,Soyabean,19-08-2022,27.00,Metric Tonnes,5830.00,Rs./Quintal
Maharashtra,Pune,Oil Seeds,Sunflower/Sunflower Seed,19-08-2022,1.00,Metric Tonnes,6000.00,Rs./Quintal
Maharashtra,Pune,Oil Seeds,Groundnut,22-08-2022,1.00,Metric Tonnes,5500.00,Rs./Quintal
Maharashtra,Pune,Oil Seeds,Groundnut,25-08-2022,1.00,Metric Tonnes,5900.00,Rs./Quintal
Maharashtra,Pune,Oil Seeds,Groundnut,26-08-2022,1.00,Metric Tonnes,5900.00,Rs./Quintal
Maharashtra,Pune,Oil Seeds,Soyabean,26-08-2022,20.00,Metric Tonnes,5431.00,Rs./Quintal
Maharashtra,Pune,Oil Seeds,Groundnut,02-09-2022,4.00,Metric Tonnes,5951.00,Rs./Quintal
Maharashtra,Pune,Oil Seeds,Soyabean,02-09-2022,20.00,Metric Tonnes,4960.00,Rs./Quintal
Maharashtra,Pune,Oil Seeds,Sunflower/Sunflower Seed,02-09-2022,4.00,Metric Tonnes,5400.00,Rs./Quintal
Maharashtra,Pune,Oil Seeds,Soyabean,04-09-2022,1.00,Metric Tonnes,4900.00,Rs./Quintal
Maharashtra,Pune,Oil Seeds,Soyabean,05-09-2022,1.00,Metric Tonnes,4700.00,Rs./Quintal
Maharashtra,Pune,Oil Seeds,Groundnut,15-09-2022,1.00,Metric Tonnes,4700.00,Rs./Quintal
Maharashtra,Pune,Oil Seeds,Groundnut,16-09-2022,1.00,Metric Tonnes,5800.00,Rs./Quintal
Maharashtra,Pune,Oil Seeds,Soyabean,16-09-2022,13.00,Metric Tonnes,4980.00,Rs./Quintal
Maharashtra,Pune,Oil Seeds,Sunflower/Sunflower Seed,16-09-2022,2.00,Metric Tonnes,4500.00,Rs./Quintal
Maharashtra,Pune,Oil Seeds,Groundnut,23-09-2022,2.00,Metric Tonnes,5500.00,Rs./Quintal
Maharashtra,Pune,Oil Seeds,Soyabean,23-09-2022,8.00,Metric Tonnes,4940.00,Rs./Quintal
Maharashtra,Pune,Oil Seeds,Sunflower/Sunflower Seed,23-09-2022,17.00,Metric Tonnes,4900.00,Rs./Quintal
Maharashtra,Pune,Oil Seeds,Groundnut,25-09-2022,2.00,Metric Tonnes,5500.00,Rs./Quintal
Maharashtra,Pune,Oil Seeds,Groundnut,26-09-2022,1.00,Metric Tonnes,6200.00,Rs./Quintal
Maharashtra,Pune,Oil Seeds,Soyabean,27-09-2022,7.00,Metric Tonnes,4900.00,Rs./Quintal
Maharashtra,Pune,Oil Seeds,Sunflower/Sunflower Seed,27-09-2022,4.00,Metric Tonnes,5351.00,Rs./Quintal
Maharashtra,Pune,Oil Seeds,Groundnut,29-09-2022,1.00,Metric Tonnes,6400.00,Rs./Quintal
Maharashtra,Pune,Oil Seeds,Sunflower/Sunflower Seed,29-09-2022,1.00,Metric Tonnes,3700.00,Rs./Quintal
Maharashtra,Pune,Oil Seeds,Groundnut,30-09-2022,1.00,Metric Tonnes,5751.00,Rs./Quintal
Maharashtra,Pune,Oil Seeds,Soyabean,30-09-2022,17.00,Metric Tonnes,4875.00,Rs./Quintal
Maharashtra,Pune,Oil Seeds,Sunflower/Sunflower Seed,30-09-2022,19.00,Metric Tonnes,4951.00,Rs./Quintal
Maharashtra,Pune,Oil Seeds,Groundnut,02-10-2022,1.00,Metric Tonnes,5000.00,Rs./Quintal
Maharashtra,Pune,Oil Seeds,Groundnut,03-10-2022,1.00,Metric Tonnes,5451.00,Rs./Quintal
Maharashtra,Pune,Oil Seeds,Sunflower/Sunflower Seed,03-10-2022,1.00,Metric Tonnes,4250.00,Rs./Quintal
Maharashtra,Pune,Oil Seeds,Groundnut,04-10-2022,1.00,Metric Tonnes,5901.00,Rs./Quintal
Maharashtra,Pune,Oil Seeds,Soyabean,04-10-2022,32.00,Metric Tonnes,4850.00,Rs./Quintal
Maharashtra,Pune,Oil Seeds,Sunflower/Sunflower Seed,04-10-2022,15.00,Metric Tonnes,5400.00,Rs./Quintal
Maharashtra,Pune,Oil Seeds,Sunflower/Sunflower Seed,06-10-2022,1.00,Metric Tonnes,4100.00,Rs./Quintal
Maharashtra,Pune,Oil Seeds,Groundnut,07-10-2022,1.00,Metric Tonnes,6100.00,Rs./Quintal
Maharashtra,Pune,Oil Seeds,Soyabean,07-10-2022,34.00,Metric Tonnes,4937.74,Rs./Quintal
Maharashtra,Pune,Oil Seeds,Sunflower/Sunflower Seed,07-10-2022,14.00,Metric Tonnes,5350.00,Rs./Quintal
Maharashtra,Pune,Oil Seeds,Soyabean,08-10-2022,1.00,Metric Tonnes,4700.00,Rs./Quintal
Maharashtra,Pune,Oil Seeds,Groundnut,09-10-2022,1.00,Metric Tonnes,5000.00,Rs./Quintal
Maharashtra,Pune,Oil Seeds,Soyabean,09-10-2022,2.00,Metric Tonnes,4500.00,Rs./Quintal
Maharashtra,Pune,Oil Seeds,Sunflower/Sunflower Seed,09-10-2022,4.00,Metric Tonnes,5000.00,Rs./Quintal
Maharashtra,Pune,Oil Seeds,Soyabean,10-10-2022,1.00,Metric Tonnes,4500.00,Rs./Quintal
Maharashtra,Pune,Oil Seeds,Sunflower/Sunflower Seed,13-10-2022,2.00,Metric Tonnes,4251.00,Rs./Quintal
Maharashtra,Pune,Oil Seeds,Groundnut,14-10-2022,2.00,Metric Tonnes,6000.00,Rs./Quintal
Maharashtra,Pune,Oil Seeds,Soyabean,14-10-2022,78.00,Metric Tonnes,4870.00,Rs./Quintal
Maharashtra,Pune,Oil Seeds,Sunflower/Sunflower Seed,14-10-2022,38.00,Metric Tonnes,5460.00,Rs./Quintal
Maharashtra,Pune,Oil Seeds,Soyabean,15-10-2022,1.00,Metric Tonnes,4100.00,Rs./Quintal
Maharashtra,Pune,Oil Seeds,Groundnut,16-10-2022,1.00,Metric Tonnes,5500.00,Rs./Quintal
Maharashtra,Pune,Oil Seeds,Sunflower/Sunflower Seed,16-10-2022,5.00,Metric Tonnes,5000.00,Rs./Quintal
Maharashtra,Pune,Oil Seeds,Groundnut,17-10-2022,1.00,Metric Tonnes,6250.00,Rs./Quintal
Maharashtra,Pune,Oil Seeds,Soyabean,17-10-2022,4.00,Metric Tonnes,4600.00,Rs./Quintal
Maharashtra,Pune,Oil Seeds,Soyabean,18-10-2022,35.00,Metric Tonnes,4851.00,Rs./Quintal
Maharashtra,Pune,Oil Seeds,Sunflower/Sunflower Seed,18-10-2022,28.00,Metric Tonnes,5612.00,Rs./Quintal
Maharashtra,Pune,Oil Seeds,Sunflower/Sunflower Seed,20-10-2022,2.00,Metric Tonnes,4500.00,Rs./Quintal
Maharashtra,Pune,Oil Seeds,Groundnut,21-10-2022,1.00,Metric Tonnes,6100.00,Rs./Quintal
Maharashtra,Pune,Oil Seeds,Soyabean,21-10-2022,34.00,Metric Tonnes,4951.00,Rs./Quintal
Maharashtra,Pune,Oil Seeds,Sunflower/Sunflower Seed,21-10-2022,21.00,Metric Tonnes,6100.00,Rs./Quintal
Maharashtra,Pune,Oil Seeds,Soyabean,23-10-2022,2.00,Metric Tonnes,4600.00,Rs./Quintal
Maharashtra,Pune,Oil Seeds,Soyabean,25-10-2022,2.00,Metric Tonnes,4800.00,Rs./Quintal
Maharashtra,Pune,Oil Seeds,Soyabean,27-10-2022,5.00,Metric Tonnes,4600.00,Rs./Quintal
Maharashtra,Pune,Oil Seeds,Soyabean,28-10-2022,6.00,Metric Tonnes,4850.00,Rs./Quintal
Maharashtra,Pune,Oil Seeds,Soyabean,29-10-2022,5.00,Metric Tonnes,4800.00,Rs./Quintal
Maharashtra,Pune,Oil Seeds,Soyabean,30-10-2022,5.00,Metric Tonnes,4700.00,Rs./Quintal
Maharashtra,Pune,Oil Seeds,Sunflower/Sunflower Seed,30-10-2022,2.00,Metric Tonnes,5000.00,Rs./Quintal
Maharashtra,Pune,Oil Seeds,Groundnut,31-10-2022,1.00,Metric Tonnes,5600.00,Rs./Quintal
Maharashtra,Pune,Oil Seeds,Soyabean,31-10-2022,12.00,Metric Tonnes,4800.00,Rs./Quintal
Maharashtra,Pune,Oil Seeds,Sunflower/Sunflower Seed,31-10-2022,1.00,Metric Tonnes,4700.00,Rs./Quintal
Maharashtra,Pune,Oil Seeds,Groundnut,01-11-2022,1.00,Metric Tonnes,5000.00,Rs./Quintal
Maharashtra,Pune,Oil Seeds,Soyabean,01-11-2022,116.00,Metric Tonnes,5100.00,Rs./Quintal
Maharashtra,Pune,Oil Seeds,Sunflower/Sunflower Seed,01-11-2022,76.00,Metric Tonnes,6401.00,Rs./Quintal
Maharashtra,Pune,Oil Seeds,Groundnut,03-11-2022,1.00,Metric Tonnes,5400.00,Rs./Quintal
Maharashtra,Pune,Oil Seeds,Soyabean,03-11-2022,9.00,Metric Tonnes,4841.67,Rs./Quintal
Maharashtra,Pune,Oil Seeds,Groundnut,05-11-2022,1.00,Metric Tonnes,6100.00,Rs./Quintal
Maharashtra,Pune,Oil Seeds,Soyabean,05-11-2022,108.00,Metric Tonnes,5393.57,Rs./Quintal
Maharashtra,Pune,Oil Seeds,Sunflower/Sunflower Seed,05-11-2022,89.00,Metric Tonnes,6400.00,Rs./Quintal
Maharashtra,Pune,Oil Seeds,Soyabean,06-11-2022,6.00,Metric Tonnes,5100.00,Rs./Quintal
Maharashtra,Pune,Oil Seeds,Soyabean,07-11-2022,11.00,Metric Tonnes,5000.00,Rs./Quintal
Maharashtra,Pune,Oil Seeds,Groundnut,08-11-2022,1.00,Metric Tonnes,5800.00,Rs./Quintal
Maharashtra,Pune,Oil Seeds,Soyabean,08-11-2022,100.00,Metric Tonnes,5485.00,Rs./Quintal
Maharashtra,Pune,Oil Seeds,Sunflower/Sunflower Seed,08-11-2022,52.00,Metric Tonnes,6610.00,Rs./Quintal
Maharashtra,Pune,Oil Seeds,Soyabean,10-11-2022,12.00,Metric Tonnes,5000.00,Rs./Quintal
Maharashtra,Pune,Oil Seeds,Sunflower/Sunflower Seed,10-11-2022,1.00,Metric Tonnes,5200.00,Rs./Quintal
Maharashtra,Pune,Oil Seeds,Soyabean,11-11-2022,4.00,Metric Tonnes,5000.00,Rs./Quintal
Maharashtra,Pune,Oil Seeds,Soyabean,12-11-2022,3.00,Metric Tonnes,5250.00,Rs./Quintal
Maharashtra,Pune,Oil Seeds,Soyabean,13-11-2022,4.00,Metric Tonnes,5400.00,Rs./Quintal
Maharashtra,Pune,Oil Seeds,Sunflower/Sunflower Seed,13-11-2022,2.00,Metric Tonnes,5600.00,Rs./Quintal
Maharashtra,Pune,Oil Seeds,Groundnut,16-11-2022,1.00,Metric Tonnes,6061.00,Rs./Quintal
Maharashtra,Pune,Oil Seeds,Soyabean,16-11-2022,84.00,Metric Tonnes,5500.00,Rs./Quintal
Maharashtra,Pune,Oil Seeds,Sunflower/Sunflower Seed,16-11-2022,18.00,Metric Tonnes,6400.00,Rs./Quintal
Maharashtra,Pune,Oil Seeds,Soyabean,17-11-2022,2.00,Metric Tonnes,5250.00,Rs./Quintal
Maharashtra,Pune,Oil Seeds,Sunflower/Sunflower Seed,17-11-2022,1.00,Metric Tonnes,4800.00,Rs./Quintal
Maharashtra,Pune,Oil Seeds,Soyabean,18-11-2022,74.00,Metric Tonnes,5455.14,Rs./Quintal
Maharashtra,Pune,Oil Seeds,Sunflower/Sunflower Seed,18-11-2022,10.00,Metric Tonnes,5450.00,Rs./Quintal
Maharashtra,Pune,Oil Seeds,Soyabean,19-11-2022,1.00,Metric Tonnes,4800.00,Rs./Quintal
Maharashtra,Pune,Oil Seeds,Soyabean,20-11-2022,4.00,Metric Tonnes,5200.00,Rs./Quintal
Maharashtra,Pune,Oil Seeds,Soyabean,21-11-2022,1.00,Metric Tonnes,5200.00,Rs./Quintal
Maharashtra,Pune,Oil Seeds,Soyabean,22-11-2022,82.00,Metric Tonnes,5444.51,Rs./Quintal
Maharashtra,Pune,Oil Seeds,Sunflower/Sunflower Seed,22-11-2022,21.00,Metric Tonnes,5500.00,Rs./Quintal
Maharashtra,Pune,Oil Seeds,Soyabean,24-11-2022,5.00,Metric Tonnes,5350.00,Rs./Quintal
Maharashtra,Pune,Oil Seeds,Soyabean,25-11-2022,55.00,Metric Tonnes,5350.00,Rs./Quintal
Maharashtra,Pune,Oil Seeds,Sunflower/Sunflower Seed,25-11-2022,8.00,Metric Tonnes,5700.00,Rs./Quintal
Maharashtra,Pune,Oil Seeds,Soyabean,26-11-2022,3.00,Metric Tonnes,5000.00,Rs./Quintal
Maharashtra,Pune,Oil Seeds,Soyabean,27-11-2022,2.00,Metric Tonnes,5250.00,Rs./Quintal
Maharashtra,Pune,Oil Seeds,Soyabean,28-11-2022,1.00,Metric Tonnes,5150.00,Rs./Quintal
Maharashtra,Pune,Oil Seeds,Soyabean,29-11-2022,64.00,Metric Tonnes,5400.00,Rs./Quintal
Maharashtra,Pune,Oil Seeds,Sunflower/Sunflower Seed,29-11-2022,5.00,Metric Tonnes,5701.00,Rs./Quintal
Maharashtra,Pune,Oil Seeds,Soyabean,02-12-2022,34.00,Metric Tonnes,5300.00,Rs./Quintal
Maharashtra,Pune,Oil Seeds,Sunflower/Sunflower Seed,02-12-2022,5.00,Metric Tonnes,6000.00,Rs./Quintal
Maharashtra,Pune,Oil Seeds,Soyabean,04-12-2022,1.00,Metric Tonnes,5000.00,Rs./Quintal
Maharashtra,Pune,Oil Seeds,Soyabean,05-12-2022,1.00,Metric Tonnes,5100.00,Rs./Quintal
Maharashtra,Pune,Oil Seeds,Soyabean,06-12-2022,39.00,Metric Tonnes,5353.33,Rs./Quintal
Maharashtra,Pune,Oil Seeds,Sunflower/Sunflower Seed,06-12-2022,4.00,Metric Tonnes,6201.00,Rs./Quintal
Maharashtra,Pune,Oil Seeds,Soyabean,08-12-2022,3.00,Metric Tonnes,5083.67,Rs./Quintal
Maharashtra,Pune,Oil Seeds,Soyabean,09-12-2022,25.00,Metric Tonnes,5403.92,Rs./Quintal
Maharashtra,Pune,Oil Seeds,Sunflower/Sunflower Seed,09-12-2022,7.00,Metric Tonnes,6100.00,Rs./Quintal
Maharashtra,Pune,Oil Seeds,Soyabean,10-12-2022,1.00,Metric Tonnes,5100.00,Rs./Quintal
Maharashtra,Pune,Oil Seeds,Soyabean,11-12-2022,6.00,Metric Tonnes,5100.33,Rs./Quintal
Maharashtra,Pune,Oil Seeds,Groundnut,12-12-2022,329.00,Metric Tonnes,2075.00,Rs./Quintal
Maharashtra,Pune,Oil Seeds,Soyabean,12-12-2022,2.00,Metric Tonnes,5050.00,Rs./Quintal
Maharashtra,Pune,Oil Seeds,Soyabean,13-12-2022,2.00,Metric Tonnes,5100.00,Rs./Quintal
Maharashtra,Pune,Oil Seeds,Groundnut,15-12-2022,1.00,Metric Tonnes,6500.00,Rs./Quintal
Maharashtra,Pune,Oil Seeds,Soyabean,15-12-2022,2.00,Metric Tonnes,5200.00,Rs./Quintal
Maharashtra,Pune,Oil Seeds,Soyabean,16-12-2022,64.00,Metric Tonnes,5345.52,Rs./Quintal
Maharashtra,Pune,Oil Seeds,Sunflower/Sunflower Seed,16-12-2022,9.00,Metric Tonnes,6000.00,Rs./Quintal
Maharashtra,Pune,Oil Seeds,Soyabean,17-12-2022,1.00,Metric Tonnes,5100.00,Rs./Quintal
Maharashtra,Pune,Oil Seeds,Soyabean,18-12-2022,1.00,Metric Tonnes,5000.00,Rs./Quintal
Maharashtra,Pune,Oil Seeds,Soyabean,19-12-2022,2.00,Metric Tonnes,4500.00,Rs./Quintal
Maharashtra,Pune,Oil Seeds,Soyabean,20-12-2022,1.00,Metric Tonnes,5100.00,Rs./Quintal
Maharashtra,Pune,Oil Seeds,Soyabean,23-12-2022,24.00,Metric Tonnes,5350.00,Rs./Quintal
Maharashtra,Pune,Oil Seeds,Sunflower/Sunflower Seed,23-12-2022,3.00,Metric Tonnes,6161.00,Rs./Quintal
Maharashtra,Pune,Oil Seeds,Soyabean,27-12-2022,39.00,Metric Tonnes,5289.74,Rs./Quintal
Maharashtra,Pune,Oil Seeds,Sunflower/Sunflower Seed,27-12-2022,4.00,Metric Tonnes,6401.00,Rs./Quintal
Maharashtra,Pune,Oil Seeds,Soyabean,29-12-2022,2.00,Metric Tonnes,5200.00,Rs./Quintal
Maharashtra,Pune,Oil Seeds,Soyabean,30-12-2022,23.00,Metric Tonnes,5350.96,Rs./Quintal
Maharashtra,Pune,Oil Seeds,Sunflower/Sunflower Seed,30-12-2022,2.00,Metric Tonnes,6150.00,Rs./Quintal
Maharashtra,Pune,Oil Seeds,Soyabean,31-12-2022,1.00,Metric Tonnes,5051.00,Rs./Quintal
Maharashtra,Pune,Oil Seeds,Soyabean,10-01-2023,40.00,Metric Tonnes,5338.00,Rs./Quintal
Maharashtra,Pune,Oil Seeds,Sunflower/Sunflower Seed,10-01-2023,3.00,Metric Tonnes,5700.00,Rs./Quintal
Maharashtra,Pune,Oil Seeds,Soyabean,12-01-2023,1.00,Metric Tonnes,5200.00,Rs./Quintal
Maharashtra,Pune,Oil Seeds,Groundnut,13-01-2023,1.00,Metric Tonnes,5000.00,Rs./Quintal
Maharashtra,Pune,Oil Seeds,Soyabean,13-01-2023,25.00,Metric Tonnes,5340.00,Rs./Quintal
Maharashtra,Pune,Oil Seeds,Sunflower/Sunflower Seed,13-01-2023,1.00,Metric Tonnes,5521.00,Rs./Quintal
Maharashtra,Pune,Oil Seeds,Soyabean,15-01-2023,3.00,Metric Tonnes,5250.00,Rs./Quintal
Maharashtra,Pune,Oil Seeds,Soyabean,22-01-2023,2.00,Metric Tonnes,5100.00,Rs./Quintal
Maharashtra,Pune,Oil Seeds,Groundnut,23-01-2023,1.00,Metric Tonnes,4500.00,Rs./Quintal
Maharashtra,Pune,Oil Seeds,Soyabean,23-01-2023,5.00,Metric Tonnes,4960.00,Rs./Quintal
Maharashtra,Pune,Oil Seeds,Groundnut,24-01-2023,1.00,Metric Tonnes,6510.00,Rs./Quintal
Maharashtra,Pune,Oil Seeds,Soyabean,24-01-2023,35.00,Metric Tonnes,5168.00,Rs./Quintal
Maharashtra,Pune,Oil Seeds,Sunflower/Sunflower Seed,24-01-2023,3.00,Metric Tonnes,5560.00,Rs./Quintal
Maharashtra,Pune,Oil Seeds,Soyabean,26-01-2023,1.00,Metric Tonnes,5200.00,Rs./Quintal
Maharashtra,Pune,Oil Seeds,Soyabean,27-01-2023,16.00,Metric Tonnes,5136.25,Rs./Quintal
Maharashtra,Pune,Oil Seeds,Sunflower/Sunflower Seed,27-01-2023,1.00,Metric Tonnes,5452.00,Rs./Quintal
Maharashtra,Pune,Oil Seeds,Soyabean,28-01-2023,1.00,Metric Tonnes,5000.00,Rs./Quintal
Maharashtra,Pune,Oil Seeds,Groundnut,31-01-2023,1.00,Metric Tonnes,5000.00,Rs./Quintal
Maharashtra,Pune,Oil Seeds,Soyabean,31-01-2023,19.00,Metric Tonnes,5200.00,Rs./Quintal
Maharashtra,Pune,Oil Seeds,Sunflower/Sunflower Seed,31-01-2023,3.00,Metric Tonnes,5500.00,Rs./Quintal
Maharashtra,Pune,Oil Seeds,Soyabean,01-02-2023,1.00,Metric Tonnes,5000.00,Rs./Quintal
Maharashtra,Pune,Oil Seeds,Soyabean,02-02-2023,3.00,Metric Tonnes,5050.00,Rs./Quintal
Maharashtra,Pune,Oil Seeds,Groundnut,03-02-2023,1.00,Metric Tonnes,5200.00,Rs./Quintal
Maharashtra,Pune,Oil Seeds,Soyabean,03-02-2023,17.00,Metric Tonnes,5155.00,Rs./Quintal
Maharashtra,Pune,Oil Seeds,Sunflower/Sunflower Seed,03-02-2023,2.00,Metric Tonnes,5601.00,Rs./Quintal
Maharashtra,Pune,Oil Seeds,Soyabean,05-02-2023,2.00,Metric Tonnes,4700.00,Rs./Quintal
Maharashtra,Pune,Oil Seeds,Soyabean,06-02-2023,1.00,Metric Tonnes,5100.00,Rs./Quintal
Maharashtra,Pune,Oil Seeds,Soyabean,07-02-2023,21.00,Metric Tonnes,5215.00,Rs./Quintal
Maharashtra,Pune,Oil Seeds,Sunflower/Sunflower Seed,07-02-2023,1.00,Metric Tonnes,5200.00,Rs./Quintal
Maharashtra,Pune,Oil Seeds,Soyabean,09-02-2023,3.00,Metric Tonnes,4766.67,Rs./Quintal
Maharashtra,Pune,Oil Seeds,Soyabean,10-02-2023,18.00,Metric Tonnes,5195.00,Rs./Quintal
Maharashtra,Pune,Oil Seeds,Soyabean,11-02-2023,1.00,Metric Tonnes,4800.00,Rs./Quintal
Maharashtra,Pune,Oil Seeds,Soyabean,12-02-2023,3.00,Metric Tonnes,5066.67,Rs./Quintal
Maharashtra,Pune,Oil Seeds,Sunflower/Sunflower Seed,12-02-2023,1.00,Metric Tonnes,4500.00,Rs./Quintal
Maharashtra,Pune,Oil Seeds,Soyabean,13-02-2023,1.00,Metric Tonnes,5100.00,Rs./Quintal
Maharashtra,Pune,Oil Seeds,Sunflower/Sunflower Seed,13-02-2023,1.00,Metric Tonnes,4000.00,Rs./Quintal
Maharashtra,Pune,Oil Seeds,Groundnut,14-02-2023,1.00,Metric Tonnes,5900.00,Rs./Quintal
Maharashtra,Pune,Oil Seeds,Soyabean,14-02-2023,14.00,Metric Tonnes,5300.00,Rs./Quintal
Maharashtra,Pune,Oil Seeds,Sunflower/Sunflower Seed,14-02-2023,2.00,Metric Tonnes,5300.00,Rs./Quintal
Maharashtra,Pune,Oil Seeds,Soyabean,16-02-2023,1.00,Metric Tonnes,5000.00,Rs./Quintal
Maharashtra,Pune,Oil Seeds,Sunflower/Sunflower Seed,16-02-2023,1.00,Metric Tonnes,4851.00,Rs./Quintal
Maharashtra,Pune,Oil Seeds,Soyabean,17-02-2023,20.00,Metric Tonnes,5239.50,Rs./Quintal
Maharashtra,Pune,Oil Seeds,Sunflower/Sunflower Seed,17-02-2023,1.00,Metric Tonnes,5100.00,Rs./Quintal
Maharashtra,Pune,Oil Seeds,Soyabean,19-02-2023,1.00,Metric Tonnes,5000.00,Rs./Quintal
Maharashtra,Pune,Oil Seeds,Soyabean,20-02-2023,1.00,Metric Tonnes,5100.00,Rs./Quintal
Maharashtra,Pune,Oil Seeds,Soyabean,21-02-2023,1.00,Metric Tonnes,5000.00,Rs./Quintal
Maharashtra,Pune,Oil Seeds,Soyabean,22-02-2023,15.00,Metric Tonnes,5280.00,Rs./Quintal
Maharashtra,Pune,Oil Seeds,Sunflower/Sunflower Seed,22-02-2023,2.00,Metric Tonnes,5201.00,Rs./Quintal
Maharashtra,Pune,Oil Seeds,Soyabean,23-02-2023,2.00,Metric Tonnes,5125.50,Rs./Quintal
Maharashtra,Pune,Oil Seeds,Soyabean,24-02-2023,14.00,Metric Tonnes,5255.36,Rs./Quintal
Maharashtra,Pune,Oil Seeds,Sunflower/Sunflower Seed,24-02-2023,1.00,Metric Tonnes,5400.00,Rs./Quintal
Maharashtra,Pune,Oil Seeds,Soyabean,25-02-2023,4.00,Metric Tonnes,4625.00,Rs./Quintal
Maharashtra,Pune,Oil Seeds,Groundnut,28-02-2023,1.00,Metric Tonnes,4001.00,Rs./Quintal
Maharashtra,Pune,Oil Seeds,Soyabean,28-02-2023,22.00,Metric Tonnes,5072.73,Rs./Quintal
Maharashtra,Pune,Oil Seeds,Sunflower/Sunflower Seed,28-02-2023,1.00,Metric Tonnes,5500.00,Rs./Quintal
Maharashtra,Pune,Oil Seeds,Soyabean,05-03-2023,1.00,Metric Tonnes,5000.00,Rs./Quintal
Maharashtra,Pune,Oil Seeds,Soyabean,06-03-2023,4.00,Metric Tonnes,4950.00,Rs./Quintal
Maharashtra,Pune,Oil Seeds,Soyabean,08-03-2023,24.00,Metric Tonnes,5100.00,Rs./Quintal
Maharashtra,Pune,Oil Seeds,Sunflower/Sunflower Seed,08-03-2023,1.00,Metric Tonnes,5100.00,Rs./Quintal
Maharashtra,Pune,Oil Seeds,Soyabean,11-03-2023,1.00,Metric Tonnes,5000.00,Rs./Quintal
Maharashtra,Pune,Oil Seeds,Soyabean,12-03-2023,5.00,Metric Tonnes,4920.00,Rs./Quintal
Maharashtra,Pune,Oil Seeds,Soyabean,14-03-2023,67.00,Metric Tonnes,5000.00,Rs./Quintal
Maharashtra,Pune,Oil Seeds,Sunflower/Sunflower Seed,14-03-2023,5.00,Metric Tonnes,4951.00,Rs./Quintal
Maharashtra,Pune,Oil Seeds,Soyabean,16-03-2023,1.00,Metric Tonnes,4800.00,Rs./Quintal
Maharashtra,Pune,Oil Seeds,Soyabean,17-03-2023,1.00,Metric Tonnes,4600.00,Rs./Quintal
Maharashtra,Pune,Oil Seeds,Soyabean,19-03-2023,1.00,Metric Tonnes,4850.00,Rs./Quintal
Maharashtra,Pune,Oil Seeds,Soyabean,20-03-2023,2.00,Metric Tonnes,4900.00,Rs./Quintal
Maharashtra,Pune,Oil Seeds,Soyabean,21-03-2023,39.00,Metric Tonnes,5046.15,Rs./Quintal
Maharashtra,Pune,Oil Seeds,Sunflower/Sunflower Seed,21-03-2023,9.00,Metric Tonnes,5000.00,Rs./Quintal
Maharashtra,Pune,Oil Seeds,Soyabean,24-03-2023,7.00,Metric Tonnes,5000.00,Rs./Quintal
Maharashtra,Pune,Oil Seeds,Sunflower/Sunflower Seed,24-03-2023,4.00,Metric Tonnes,4871.00,Rs./Quintal
Maharashtra,Pune,Oil Seeds,Soyabean,26-03-2023,1.00,Metric Tonnes,4800.00,Rs./Quintal
Maharashtra,Pune,Oil Seeds,Soyabean,27-03-2023,1.00,Metric Tonnes,4800.00,Rs./Quintal
Maharashtra,Pune,Oil Seeds,Soyabean,05-04-2023,21.00,Metric Tonnes,5100.00,Rs./Quintal
Maharashtra,Pune,Oil Seeds,Sunflower/Sunflower Seed,05-04-2023,19.00,Metric Tonnes,4900.00,Rs./Quintal
Maharashtra,Pune,Oil Seeds,Soyabean,07-04-2023,7.00,Metric Tonnes,5050.00,Rs./Quintal
Maharashtra,Pune,Oil Seeds,Sunflower/Sunflower Seed,07-04-2023,11.00,Metric Tonnes,4750.00,Rs./Quintal
Maharashtra,Pune,Oil Seeds,Groundnut,11-04-2023,1.00,Metric Tonnes,5591.00,Rs./Quintal
Maharashtra,Pune,Oil Seeds,Soyabean,11-04-2023,15.00,Metric Tonnes,5070.00,Rs./Quintal
Maharashtra,Pune,Oil Seeds,Sunflower/Sunflower Seed,11-04-2023,21.00,Metric Tonnes,4850.00,Rs./Quintal
Maharashtra,Pune,Oil Seeds,Soyabean,14-04-2023,12.00,Metric Tonnes,5031.00,Rs./Quintal
Maharashtra,Pune,Oil Seeds,Sunflower/Sunflower Seed,14-04-2023,14.00,Metric Tonnes,4725.00,Rs./Quintal
Maharashtra,Pune,Oil Seeds,Soyabean,18-04-2023,16.00,Metric Tonnes,5021.00,Rs./Quintal
Maharashtra,Pune,Oil Seeds,Sunflower/Sunflower Seed,18-04-2023,25.00,Metric Tonnes,4600.00,Rs./Quintal
Maharashtra,Pune,Oil Seeds,Soyabean,22-04-2023,1.00,Metric Tonnes,4900.00,Rs./Quintal
Maharashtra,Pune,Oil Seeds,Soyabean,25-04-2023,14.00,Metric Tonnes,4950.00,Rs./Quintal
Maharashtra,Pune,Oil Seeds,Sunflower/Sunflower Seed,25-04-2023,27.00,Metric Tonnes,4350.00,Rs./Quintal
Maharashtra,Pune,Oil Seeds,Soyabean,02-05-2023,25.00,Metric Tonnes,4920.00,Rs./Quintal
Maharashtra,Pune,Oil Seeds,Sunflower/Sunflower Seed,02-05-2023,41.00,Metric Tonnes,4200.00,Rs./Quintal
Maharashtra,Pune,Oil Seeds,Soyabean,05-05-2023,14.00,Metric Tonnes,4970.00,Rs./Quintal
Maharashtra,Pune,Oil Seeds,Sunflower/Sunflower Seed,05-05-2023,56.00,Metric Tonnes,4350.00,Rs./Quintal
Maharashtra,Pune,Oil Seeds,Soyabean,09-05-2023,17.00,Metric Tonnes,4994.12,Rs./Quintal
Maharashtra,Pune,Oil Seeds,Sunflower/Sunflower Seed,09-05-2023,30.00,Metric Tonnes,4400.00,Rs./Quintal
Maharashtra,Pune,Oil Seeds,Groundnut,12-05-2023,1.00,Metric Tonnes,5500.00,Rs./Quintal
Maharashtra,Pune,Oil Seeds,Soyabean,12-05-2023,13.00,Metric Tonnes,4956.92,Rs./Quintal
Maharashtra,Pune,Oil Seeds,Sunflower/Sunflower Seed,12-05-2023,25.00,Metric Tonnes,4350.00,Rs./Quintal
Maharashtra,Pune,Oil Seeds,Soyabean,16-05-2023,24.00,Metric Tonnes,4961.25,Rs./Quintal
Maharashtra,Pune,Oil Seeds,Sunflower/Sunflower Seed,16-05-2023,44.00,Metric Tonnes,4291.00,Rs./Quintal
Maharashtra,Pune,Oil Seeds,Soyabean,18-05-2023,3.00,Metric Tonnes,4300.00,Rs./Quintal
Maharashtra,Pune,Oil Seeds,Soyabean,19-05-2023,20.00,Metric Tonnes,4811.00,Rs./Quintal
Maharashtra,Pune,Oil Seeds,Sunflower/Sunflower Seed,19-05-2023,43.00,Metric Tonnes,4250.00,Rs./Quintal
Maharashtra,Pune,Oil Seeds,Groundnut,21-05-2023,1.00,Metric Tonnes,6000.00,Rs./Quintal
Maharashtra,Pune,Oil Seeds,Soyabean,23-05-2023,17.00,Metric Tonnes,4794.12,Rs./Quintal
Maharashtra,Pune,Oil Seeds,Sunflower/Sunflower Seed,23-05-2023,69.00,Metric Tonnes,4200.00,Rs./Quintal
Maharashtra,Pune,Oil Seeds,Soyabean,26-05-2023,24.00,Metric Tonnes,4780.00,Rs./Quintal
Maharashtra,Pune,Oil Seeds,Sunflower/Sunflower Seed,26-05-2023,31.00,Metric Tonnes,4251.00,Rs./Quintal
Maharashtra,Pune,Oil Seeds,Soyabean,27-05-2023,1.00,Metric Tonnes,4700.00,Rs./Quintal
Maharashtra,Pune,Oil Seeds,Groundnut,30-05-2023,1.00,Metric Tonnes,5901.00,Rs./Quintal
Maharashtra,Pune,Oil Seeds,Soyabean,30-05-2023,23.00,Metric Tonnes,4790.00,Rs./Quintal
Maharashtra,Pune,Oil Seeds,Sunflower/Sunflower Seed,30-05-2023,59.00,Metric Tonnes,4250.00,Rs./Quintal
Maharashtra,Pune,Oil Seeds,Groundnut,02-06-2023,1.00,Metric Tonnes,6300.00,Rs./Quintal
Maharashtra,Pune,Oil Seeds,Soyabean,02-06-2023,19.00,Metric Tonnes,4790.00,Rs./Quintal
Maharashtra,Pune,Oil Seeds,Sunflower/Sunflower Seed,02-06-2023,44.00,Metric Tonnes,4200.00,Rs./Quintal
Maharashtra,Pune,Oil Seeds,Groundnut,04-06-2023,6.00,Metric Tonnes,5700.00,Rs./Quintal
Maharashtra,Pune,Oil Seeds,Sunflower/Sunflower Seed,04-06-2023,1.00,Metric Tonnes,3600.00,Rs./Quintal
Maharashtra,Pune,Oil Seeds,Groundnut,07-06-2023,2.00,Metric Tonnes,6000.00,Rs./Quintal
Maharashtra,Pune,Oil Seeds,Soyabean,07-06-2023,10.00,Metric Tonnes,4801.00,Rs./Quintal
Maharashtra,Pune,Oil Seeds,Sunflower/Sunflower Seed,07-06-2023,55.00,Metric Tonnes,4140.00,Rs./Quintal
Maharashtra,Pune,Oil Seeds,Soyabean,08-06-2023,5.00,Metric Tonnes,4600.00,Rs./Quintal
Maharashtra,Pune,Oil Seeds,Groundnut,09-06-2023,2.00,Metric Tonnes,5701.00,Rs./Quintal
Maharashtra,Pune,Oil Seeds,Soyabean,09-06-2023,13.00,Metric Tonnes,4842.31,Rs./Quintal
Maharashtra,Pune,Oil Seeds,Sunflower/Sunflower Seed,09-06-2023,24.00,Metric Tonnes,4150.00,Rs./Quintal
Maharashtra,Pune,Oil Seeds,Groundnut,13-06-2023,1.00,Metric Tonnes,6030.00,Rs./Quintal
Maharashtra,Pune,Oil Seeds,Soyabean,13-06-2023,14.00,Metric Tonnes,4811.00,Rs./Quintal
Maharashtra,Pune,Oil Seeds,Sunflower/Sunflower Seed,13-06-2023,28.00,Metric Tonnes,4191.00,Rs./Quintal
Maharashtra,Pune,Oil Seeds,Groundnut,16-06-2023,3.00,Metric Tonnes,6071.00,Rs./Quintal
Maharashtra,Pune,Oil Seeds,Soyabean,16-06-2023,22.00,Metric Tonnes,4938.64,Rs./Quintal
Maharashtra,Pune,Oil Seeds,Sunflower/Sunflower Seed,16-06-2023,17.00,Metric Tonnes,4460.00,Rs./Quintal
Maharashtra,Pune,Oil Seeds,Groundnut,18-06-2023,1.00,Metric Tonnes,3000.00,Rs./Quintal
Maharashtra,Pune,Oil Seeds,Groundnut,20-06-2023,2.00,Metric Tonnes,6175.00,Rs./Quintal
Maharashtra,Pune,Oil Seeds,Soyabean,20-06-2023,8.00,Metric Tonnes,5000.00,Rs./Quintal
Maharashtra,Pune,Oil Seeds,Sunflower/Sunflower Seed,20-06-2023,28.00,Metric Tonnes,4740.00,Rs./Quintal
Maharashtra,Pune,Oil Seeds,Groundnut,24-06-2023,2.00,Metric Tonnes,6100.00,Rs./Quintal
Maharashtra,Pune,Oil Seeds,Soyabean,24-06-2023,4.00,Metric Tonnes,4900.00,Rs./Quintal
Maharashtra,Pune,Oil Seeds,Sunflower/Sunflower Seed,24-06-2023,10.00,Metric Tonnes,4630.00,Rs./Quintal
Maharashtra,Pune,Oil Seeds,Groundnut,27-06-2023,1.00,Metric Tonnes,5551.00,Rs./Quintal
Maharashtra,Pune,Oil Seeds,Soyabean,27-06-2023,6.00,Metric Tonnes,4971.00,Rs./Quintal
Maharashtra,Pune,Oil Seeds,Sunflower/Sunflower Seed,27-06-2023,18.00,Metric Tonnes,4690.00,Rs./Quintal
Maharashtra,Pune,Oil Seeds,Soyabean,29-06-2023,1.00,Metric Tonnes,4800.00,Rs./Quintal
Maharashtra,Pune,Oil Seeds,Groundnut,30-06-2023,1.00,Metric Tonnes,6151.00,Rs./Quintal
Maharashtra,Pune,Oil Seeds,Soyabean,30-06-2023,11.00,Metric Tonnes,4873.64,Rs./Quintal
Maharashtra,Pune,Oil Seeds,Sunflower/Sunflower Seed,30-06-2023,6.00,Metric Tonnes,4651.00,Rs./Quintal
Maharashtra,Pune,Oil Seeds,Soyabean,04-07-2023,10.00,Metric Tonnes,4940.00,Rs./Quintal
Maharashtra,Pune,Oil Seeds,Sunflower/Sunflower Seed,04-07-2023,4.00,Metric Tonnes,4695.00,Rs./Quintal
Maharashtra,Pune,Oil Seeds,Soyabean,07-07-2023,7.00,Metric Tonnes,4851.00,Rs./Quintal
Maharashtra,Pune,Oil Seeds,Sunflower/Sunflower Seed,07-07-2023,7.00,Metric Tonnes,4995.00,Rs./Quintal
Maharashtra,Pune,Oil Seeds,Groundnut,11-07-2023,1.00,Metric Tonnes,6280.00,Rs./Quintal
Maharashtra,Pune,Oil Seeds,Soyabean,11-07-2023,12.00,Metric Tonnes,4800.00,Rs./Quintal
Maharashtra,Pune,Oil Seeds,Sunflower/Sunflower Seed,11-07-2023,6.00,Metric Tonnes,4700.00,Rs./Quintal
Maharashtra,Pune,Oil Seeds,Groundnut,14-07-2023,2.00,Metric Tonnes,6300.00,Rs./Quintal
Maharashtra,Pune,Oil Seeds,Soyabean,14-07-2023,7.00,Metric Tonnes,4775.00,Rs./Quintal
Maharashtra,Pune,Oil Seeds,Sunflower/Sunflower Seed,14-07-2023,5.00,Metric Tonnes,4771.00,Rs./Quintal
Maharashtra,Pune,Oil Seeds,Groundnut,18-07-2023,2.00,Metric Tonnes,6451.00,Rs./Quintal
Maharashtra,Pune,Oil Seeds,Soyabean,18-07-2023,12.00,Metric Tonnes,4760.00,Rs./Quintal
Maharashtra,Pune,Oil Seeds,Sunflower/Sunflower Seed,18-07-2023,8.00,Metric Tonnes,4770.00,Rs./Quintal
Maharashtra,Pune,Oil Seeds,Soyabean,21-07-2023,4.00,Metric Tonnes,4621.00,Rs./Quintal
Maharashtra,Pune,Oil Seeds,Groundnut,26-07-2023,1.00,Metric Tonnes,6311.00,Rs./Quintal
Maharashtra,Pune,Oil Seeds,Soyabean,26-07-2023,22.00,Metric Tonnes,4811.18,Rs./Quintal
Maharashtra,Pune,Oil Seeds,Sunflower/Sunflower Seed,26-07-2023,1.00,Metric Tonnes,4700.00,Rs./Quintal
Maharashtra,Pune,Oil Seeds,Soyabean,27-07-2023,1.00,Metric Tonnes,4600.00,Rs./Quintal
Maharashtra,Pune,Oil Seeds,Soyabean,28-07-2023,2.00,Metric Tonnes,4812.00,Rs./Quintal
Maharashtra,Pune,Oil Seeds,Sunflower/Sunflower Seed,28-07-2023,3.00,Metric Tonnes,4900.00,Rs./Quintal
Maharashtra,Pune,Oil Seeds,Groundnut,01-08-2023,4.00,Metric Tonnes,6800.00,Rs./Quintal
Maharashtra,Pune,Oil Seeds,Soyabean,01-08-2023,6.00,Metric Tonnes,4801.00,Rs./Quintal
Maharashtra,Pune,Oil Seeds,Sunflower/Sunflower Seed,01-08-2023,1.00,Metric Tonnes,4715.00,Rs./Quintal
Maharashtra,Pune,Oil Seeds,Soyabean,04-08-2023,1.00,Metric Tonnes,4800.00,Rs./Quintal
Maharashtra,Pune,Oil Seeds,Soyabean,05-08-2023,1.00,Metric Tonnes,4650.00,Rs./Quintal
Maharashtra,Pune,Oil Seeds,Groundnut,08-08-2023,2.00,Metric Tonnes,7100.00,Rs./Quintal
Maharashtra,Pune,Oil Seeds,Soyabean,08-08-2023,8.00,Metric Tonnes,4110.00,Rs./Quintal
Maharashtra,Pune,Oil Seeds,Sunflower/Sunflower Seed,08-08-2023,4.00,Metric Tonnes,4600.00,Rs./Quintal
Maharashtra,Pune,Oil Seeds,Groundnut,16-08-2023,1.00,Metric Tonnes,5800.00,Rs./Quintal
Maharashtra,Pune,Oil Seeds,Soyabean,16-08-2023,4.00,Metric Tonnes,4826.00,Rs./Quintal
Maharashtra,Pune,Oil Seeds,Sunflower/Sunflower Seed,16-08-2023,2.00,Metric Tonnes,5051.00,Rs./Quintal
Maharashtra,Pune,Oil Seeds,Groundnut,29-08-2023,2.00,Metric Tonnes,6500.00,Rs./Quintal
Maharashtra,Pune,Oil Seeds,Soyabean,29-08-2023,3.00,Metric Tonnes,4725.00,Rs./Quintal
Maharashtra,Pune,Oil Seeds,Sunflower/Sunflower Seed,29-08-2023,3.00,Metric Tonnes,5200.00,Rs./Quintal
Maharashtra,Pune,Oil Seeds,Groundnut,20-09-2023,4.00,Metric Tonnes,6101.00,Rs./Quintal
Maharashtra,Pune,Oil Seeds,Soyabean,20-09-2023,10.00,Metric Tonnes,4712.00,Rs./Quintal
Maharashtra,Pune,Oil Seeds,Sunflower/Sunflower Seed,20-09-2023,3.00,Metric Tonnes,5151.00,Rs./Quintal
Maharashtra,Pune,Oil Seeds,Soyabean,26-09-2023,16.00,Metric Tonnes,4701.00,Rs./Quintal
Maharashtra,Pune,Oil Seeds,Sunflower/Sunflower Seed,26-09-2023,5.00,Metric Tonnes,5000.00,Rs./Quintal
Maharashtra,Pune,Oil Seeds,Soyabean,10-10-2023,1.00,Metric Tonnes,4450.00,Rs./Quintal
Maharashtra,Pune,Oil Seeds,Groundnut,13-10-2023,1.00,Metric Tonnes,5800.00,Rs./Quintal
Maharashtra,Pune,Oil Seeds,Soyabean,13-10-2023,23.00,Metric Tonnes,4460.00,Rs./Quintal
Maharashtra,Pune,Oil Seeds,Sunflower/Sunflower Seed,13-10-2023,1.00,Metric Tonnes,4200.00,Rs./Quintal
Maharashtra,Pune,Oil Seeds,Groundnut,17-10-2023,1.00,Metric Tonnes,6200.00,Rs./Quintal
Maharashtra,Pune,Oil Seeds,Soyabean,17-10-2023,43.00,Metric Tonnes,4390.00,Rs./Quintal
Maharashtra,Pune,Oil Seeds,Sunflower/Sunflower Seed,17-10-2023,5.00,Metric Tonnes,4800.00,Rs./Quintal
Maharashtra,Pune,Oil Seeds,Groundnut,20-10-2023,1.00,Metric Tonnes,5951.00,Rs./Quintal
Maharashtra,Pune,Oil Seeds,Soyabean,20-10-2023,24.00,Metric Tonnes,4475.00,Rs./Quintal
Maharashtra,Pune,Oil Seeds,Sunflower/Sunflower Seed,20-10-2023,2.00,Metric Tonnes,4500.00,Rs./Quintal
Maharashtra,Pune,Oil Seeds,Soyabean,25-10-2023,25.00,Metric Tonnes,4640.00,Rs./Quintal
Maharashtra,Pune,Oil Seeds,Sunflower/Sunflower Seed,25-10-2023,2.00,Metric Tonnes,5000.00,Rs./Quintal
Maharashtra,Pune,Oil Seeds,Groundnut,27-10-2023,1.00,Metric Tonnes,6800.00,Rs./Quintal
Maharashtra,Pune,Oil Seeds,Soyabean,27-10-2023,60.00,Metric Tonnes,4650.00,Rs./Quintal
Maharashtra,Pune,Oil Seeds,Sunflower/Sunflower Seed,27-10-2023,10.00,Metric Tonnes,4651.00,Rs./Quintal
Maharashtra,Pune,Oil Seeds,Soyabean,03-11-2023,45.00,Metric Tonnes,4711.00,Rs./Quintal
Maharashtra,Pune,Oil Seeds,Sunflower/Sunflower Seed,03-11-2023,13.00,Metric Tonnes,4800.00,Rs./Quintal
Maharashtra,Pune,Oil Seeds,Soyabean,17-11-2023,60.00,Metric Tonnes,5060.00,Rs./Quintal
Maharashtra,Pune,Oil Seeds,Sunflower/Sunflower Seed,17-11-2023,4.00,Metric Tonnes,5050.00,Rs./Quintal
Maharashtra,Pune,Oil Seeds,Soyabean,21-11-2023,49.00,Metric Tonnes,5000.00,Rs./Quintal
Maharashtra,Pune,Oil Seeds,Sunflower/Sunflower Seed,21-11-2023,9.00,Metric Tonnes,5000.00,Rs./Quintal
Maharashtra,Pune,Oil Seeds,Soyabean,22-11-2023,1.00,Metric Tonnes,4450.00,Rs./Quintal
Maharashtra,Pune,Oil Seeds,Soyabean,24-11-2023,59.00,Metric Tonnes,4975.00,Rs./Quintal
Maharashtra,Pune,Oil Seeds,Sunflower/Sunflower Seed,24-11-2023,11.00,Metric Tonnes,4961.00,Rs./Quintal
Maharashtra,Pune,Oil Seeds,Groundnut,28-11-2023,1.00,Metric Tonnes,4900.00,Rs./Quintal
Maharashtra,Pune,Oil Seeds,Soyabean,28-11-2023,33.00,Metric Tonnes,4950.00,Rs./Quintal
Maharashtra,Pune,Oil Seeds,Sunflower/Sunflower Seed,28-11-2023,6.00,Metric Tonnes,4800.00,Rs./Quintal
Maharashtra,Pune,Oil Seeds,Soyabean,06-12-2023,1.00,Metric Tonnes,4606.00,Rs./Quintal
Maharashtra,Pune,Oil Seeds,Soyabean,08-12-2023,19.00,Metric Tonnes,4830.00,Rs./Quintal
Maharashtra,Pune,Oil Seeds,Sunflower/Sunflower Seed,08-12-2023,4.00,Metric Tonnes,4750.00,Rs./Quintal
Maharashtra,Pune,Oil Seeds,Soyabean,15-12-2023,19.00,Metric Tonnes,4770.00,Rs./Quintal
Maharashtra,Pune,Oil Seeds,Sunflower/Sunflower Seed,15-12-2023,3.00,Metric Tonnes,4600.00,Rs./Quintal
Maharashtra,Pune,Oil Seeds,Soyabean,22-12-2023,9.00,Metric Tonnes,4666.00,Rs./Quintal
Maharashtra,Pune,Oil Seeds,Sunflower/Sunflower Seed,22-12-2023,4.00,Metric Tonnes,4600.00,Rs./Quintal
Maharashtra,Pune,Oil Seeds,Groundnut,05-01-2024,1.00,Metric Tonnes,4700.00,Rs./Quintal
Maharashtra,Pune,Oil Seeds,Soyabean,05-01-2024,12.00,Metric Tonnes,4600.00,Rs./Quintal
Maharashtra,Pune,Oil Seeds,Sunflower/Sunflower Seed,05-01-2024,2.00,Metric Tonnes,4500.00,Rs./Quintal
Maharashtra,Pune,Oil Seeds,Soyabean,09-01-2024,12.00,Metric Tonnes,4600.00,Rs./Quintal
Maharashtra,Pune,Oil Seeds,Sunflower/Sunflower Seed,09-01-2024,4.00,Metric Tonnes,4801.00,Rs./Quintal
Maharashtra,Pune,Oil Seeds,Soyabean,20-01-2024,11.00,Metric Tonnes,4570.00,Rs./Quintal
Maharashtra,Pune,Oil Seeds,Soyabean,23-01-2024,4.00,Metric Tonnes,4450.00,Rs./Quintal
Maharashtra,Pune,Oil Seeds,Soyabean,02-02-2024,11.00,Metric Tonnes,4401.00,Rs./Quintal
Maharashtra,Pune,Oil Seeds,Sunflower/Sunflower Seed,02-02-2024,2.00,Metric Tonnes,5000.00,Rs./Quintal
Maharashtra,Pune,Oil Seeds,Soyabean,06-02-2024,15.00,Metric Tonnes,4411.00,Rs./Quintal
Maharashtra,Pune,Oil Seeds,Sunflower/Sunflower Seed,06-02-2024,3.00,Metric Tonnes,5041.00,Rs./Quintal
Maharashtra,Pune,Oil Seeds,Soyabean,09-02-2024,9.00,Metric Tonnes,4416.00,Rs./Quintal
Maharashtra,Pune,Oil Seeds,Sunflower/Sunflower Seed,09-02-2024,3.00,Metric Tonnes,4951.00,Rs./Quintal
Maharashtra,Pune,Oil Seeds,Soyabean,13-02-2024,11.00,Metric Tonnes,4375.00,Rs./Quintal
Maharashtra,Pune,Oil Seeds,Sunflower/Sunflower Seed,13-02-2024,7.00,Metric Tonnes,4900.00,Rs./Quintal
Maharashtra,Pune,Oil Seeds,Soyabean,20-02-2024,10.00,Metric Tonnes,4350.00,Rs./Quintal
Maharashtra,Pune,Oil Seeds,Sunflower/Sunflower Seed,20-02-2024,4.00,Metric Tonnes,4700.00,Rs./Quintal
Maharashtra,Pune,Oil Seeds,Soyabean,27-02-2024,17.00,Metric Tonnes,4361.00,Rs./Quintal
Maharashtra,Pune,Oil Seeds,Sunflower/Sunflower Seed,27-02-2024,3.00,Metric Tonnes,4200.00,Rs./Quintal
Maharashtra,Pune,Oil Seeds,Groundnut,05-03-2024,0.10,Metric Tonnes,4200.00,Rs./Quintal
Maharashtra,Pune,Oil Seeds,Soyabean,05-03-2024,11.50,Metric Tonnes,4342.00,Rs./Quintal
Maharashtra,Pune,Oil Seeds,Sunflower/Sunflower Seed,05-03-2024,4.60,Metric Tonnes,4598.00,Rs./Quintal
Maharashtra,Pune,Oil Seeds,Soyabean,12-03-2024,6.90,Metric Tonnes,4300.00,Rs./Quintal
Maharashtra,Pune,Oil Seeds,Sunflower/Sunflower Seed,12-03-2024,1.20,Metric Tonnes,4700.00,Rs./Quintal
Maharashtra,Pune,Oil Seeds,Groundnut,19-03-2024,0.40,Metric Tonnes,3911.00,Rs./Quintal
Maharashtra,Pune,Oil Seeds,Soyabean,19-03-2024,14.40,Metric Tonnes,4275.00,Rs./Quintal
Maharashtra,Pune,Oil Seeds,Sunflower/Sunflower Seed,19-03-2024,6.00,Metric Tonnes,4790.00,Rs./Quintal
Maharashtra,Pune,Oil Seeds,Groundnut,23-03-2024,0.20,Metric Tonnes,5001.00,Rs./Quintal
Maharashtra,Pune,Oil Seeds,Soyabean,23-03-2024,4.00,Metric Tonnes,4300.00,Rs./Quintal
Maharashtra,Pune,Oil Seeds,Sunflower/Sunflower Seed,23-03-2024,1.70,Metric Tonnes,4525.00,Rs./Quintal
Maharashtra,Pune,Oil Seeds,Groundnut,24-03-2024,0.10,Metric Tonnes,5000.00,Rs./Quintal
Maharashtra,Pune,Oil Seeds,Soyabean,08-05-2024,3.80,Metric Tonnes,4421.00,Rs./Quintal
Maharashtra,Pune,Oil Seeds,Sunflower/Sunflower Seed,08-05-2024,7.20,Metric Tonnes,4400.00,Rs./Quintal
Maharashtra,Pune,Oil Seeds,Soyabean,02-06-2024,0.70,Metric Tonnes,4411.00,Rs./Quintal
Maharashtra,Pune,Oil Seeds,Soyabean,11-06-2024,1.50,Metric Tonnes,4225.00,Rs./Quintal
Maharashtra,Pune,Oil Seeds,Groundnut,18-06-2024,1.40,Metric Tonnes,4700.00,Rs./Quintal
Maharashtra,Pune,Oil Seeds,Soyabean,18-06-2024,4.00,Metric Tonnes,4330.00,Rs./Quintal
Maharashtra,Pune,Oil Seeds,Sunflower/Sunflower Seed,18-06-2024,10.50,Metric Tonnes,4400.00,Rs./Quintal
Maharashtra,Pune,Oil Seeds,Groundnut,25-06-2024,0.70,Metric Tonnes,6021.00,Rs./Quintal
Maharashtra,Pune,Oil Seeds,Soyabean,25-06-2024,4.80,Metric Tonnes,4356.00,Rs./Quintal
Maharashtra,Pune,Oil Seeds,Sunflower/Sunflower Seed,25-06-2024,5.20,Metric Tonnes,4600.00,Rs./Quintal
Maharashtra,Pune,Oil Seeds,Groundnut,13-07-2024,2.00,Metric Tonnes,6100.00,Rs./Quintal
Maharashtra,Pune,Oil Seeds,Groundnut,16-07-2024,1.20,Metric Tonnes,6000.00,Rs./Quintal
Maharashtra,Pune,Oil Seeds,Soyabean,16-07-2024,18.30,Metric Tonnes,4312.00,Rs./Quintal
Maharashtra,Pune,Oil Seeds,Sunflower/Sunflower Seed,16-07-2024,3.90,Metric Tonnes,4711.00,Rs./Quintal
Maharashtra,Pune,Oil Seeds,Groundnut,30-07-2024,0.70,Metric Tonnes,5500.00,Rs./Quintal
Maharashtra,Pune,Oil Seeds,Soyabean,30-07-2024,3.20,Metric Tonnes,4200.00,Rs./Quintal
Maharashtra,Pune,Oil Seeds,Sunflower/Sunflower Seed,30-07-2024,5.20,Metric Tonnes,4581.00,Rs./Quintal
Maharashtra,Pune,Oil Seeds,Groundnut,06-08-2024,0.70,Metric Tonnes,5551.00,Rs./Quintal
Maharashtra,Pune,Oil Seeds,Soyabean,06-08-2024,12.70,Metric Tonnes,4170.00,Rs./Quintal
Maharashtra,Pune,Oil Seeds,Sunflower/Sunflower Seed,06-08-2024,1.20,Metric Tonnes,4200.00,Rs./Quintal
Maharashtra,Pune,Oil Seeds,Groundnut,23-08-2024,0.60,Metric Tonnes,6000.00,Rs./Quintal
Maharashtra,Pune,Oil Seeds,Soyabean,23-08-2024,6.90,Metric Tonnes,4160.00,Rs./Quintal
Maharashtra,Pune,Oil Seeds,Sunflower/Sunflower Seed,23-08-2024,0.30,Metric Tonnes,4272.00,Rs./Quintal
Maharashtra,Pune,Oil Seeds,Groundnut,27-08-2024,1.00,Metric Tonnes,4850.00,Rs./Quintal
Maharashtra,Pune,Oil Seeds,Soyabean,27-08-2024,21.60,Metric Tonnes,4270.26,Rs./Quintal
Maharashtra,Pune,Oil Seeds,Sunflower/Sunflower Seed,27-08-2024,0.30,Metric Tonnes,4300.00,Rs./Quintal
Maharashtra,Pune,Oil Seeds,Soyabean,30-08-2024,0.10,Metric Tonnes,4300.00,Rs./Quintal
Maharashtra,Pune,Oil Seeds,Groundnut,10-09-2024,0.10,Metric Tonnes,5600.00,Rs./Quintal
Maharashtra,Pune,Oil Seeds,Soyabean,10-09-2024,9.20,Metric Tonnes,4341.00,Rs./Quintal
Maharashtra,Pune,Oil Seeds,Sunflower/Sunflower Seed,10-09-2024,1.60,Metric Tonnes,4800.00,Rs./Quintal
Maharashtra,Pune,Oil Seeds,Groundnut,18-09-2024,0.30,Metric Tonnes,5501.00,Rs./Quintal
Maharashtra,Pune,Oil Seeds,Soyabean,18-09-2024,8.80,Metric Tonnes,4472.00,Rs./Quintal
Maharashtra,Pune,Oil Seeds,Sunflower/Sunflower Seed,18-09-2024,0.20,Metric Tonnes,4700.00,Rs./Quintal
Maharashtra,Pune,Oil Seeds,Soyabean,21-09-2024,1.00,Metric Tonnes,4500.00,Rs./Quintal
Maharashtra,Pune,Oil Seeds,Groundnut,22-09-2024,0.50,Metric Tonnes,5000.00,Rs./Quintal
Maharashtra,Pune,Oil Seeds,Soyabean,23-09-2024,2.20,Metric Tonnes,4450.00,Rs./Quintal
Maharashtra,Pune,Oil Seeds,Soyabean,02-10-2024,10.90,Metric Tonnes,4200.00,Rs./Quintal
Maharashtra,Pune,Oil Seeds,Groundnut,04-10-2024,0.20,Metric Tonnes,5400.00,Rs./Quintal
Maharashtra,Pune,Oil Seeds,Soyabean,04-10-2024,56.90,Metric Tonnes,4232.25,Rs./Quintal
Maharashtra,Pune,Oil Seeds,Sunflower/Sunflower Seed,04-10-2024,7.10,Metric Tonnes,5250.00,Rs./Quintal
Maharashtra,Pune,Oil Seeds,Groundnut,11-10-2024,0.50,Metric Tonnes,5251.00,Rs./Quintal
Maharashtra,Pune,Oil Seeds,Soyabean,11-10-2024,49.60,Metric Tonnes,4320.00,Rs./Quintal
Maharashtra,Pune,Oil Seeds,Sunflower/Sunflower Seed,11-10-2024,39.50,Metric Tonnes,5300.00,Rs./Quintal
Maharashtra,Pune,Oil Seeds,Groundnut,18-10-2024,0.10,Metric Tonnes,5500.00,Rs./Quintal
Maharashtra,Pune,Oil Seeds,Soyabean,18-10-2024,53.10,Metric Tonnes,4200.00,Rs./Quintal
Maharashtra,Pune,Oil Seeds,Sunflower/Sunflower Seed,18-10-2024,36.90,Metric Tonnes,5300.00,Rs./Quintal
Maharashtra,Pune,Oil Seeds,Groundnut,25-10-2024,0.30,Metric Tonnes,6200.00,Rs./Quintal
Maharashtra,Pune,Oil Seeds,Soyabean,25-10-2024,92.10,Metric Tonnes,4380.00,Rs./Quintal
Maharashtra,Pune,Oil Seeds,Sunflower/Sunflower Seed,25-10-2024,21.10,Metric Tonnes,5651.00,Rs./Quintal
Maharashtra,Pune,Oil Seeds,Groundnut,08-11-2024,0.30,Metric Tonnes,5000.00,Rs./Quintal
Maharashtra,Pune,Oil Seeds,Soyabean,08-11-2024,110.40,Metric Tonnes,4151.00,Rs./Quintal
Maharashtra,Pune,Oil Seeds,Sunflower/Sunflower Seed,08-11-2024,23.90,Metric Tonnes,5500.00,Rs./Quintal
Maharashtra,Pune,Oil Seeds,Soyabean,12-11-2024,6.10,Metric Tonnes,4100.00,Rs./Quintal
Maharashtra,Pune,Oil Seeds,Soyabean,13-11-2024,4.20,Metric Tonnes,4000.00,Rs./Quintal
Maharashtra,Pune,Oil Seeds,Soyabean,14-11-2024,2.00,Metric Tonnes,4100.00,Rs./Quintal
Maharashtra,Pune,Oil Seeds,Groundnut,15-11-2024,0.10,Metric Tonnes,4300.00,Rs./Quintal
Maharashtra,Pune,Oil Seeds,Soyabean,15-11-2024,50.70,Metric Tonnes,4111.00,Rs./Quintal
Maharashtra,Pune,Oil Seeds,Sunflower/Sunflower Seed,15-11-2024,12.20,Metric Tonnes,5300.00,Rs./Quintal
Maharashtra,Pune,Oil Seeds,Soyabean,16-11-2024,2.60,Metric Tonnes,4034.62,Rs./Quintal
Maharashtra,Pune,Oil Seeds,Soyabean,17-11-2024,1.70,Metric Tonnes,4100.00,Rs./Quintal
Maharashtra,Pune,Oil Seeds,Soyabean,18-11-2024,4.40,Metric Tonnes,4200.00,Rs./Quintal
Maharashtra,Pune,Oil Seeds,Soyabean,21-11-2024,4.00,Metric Tonnes,4150.00,Rs./Quintal
Maharashtra,Pune,Oil Seeds,Groundnut,22-11-2024,0.60,Metric Tonnes,4000.00,Rs./Quintal
Maharashtra,Pune,Oil Seeds,Soyabean,22-11-2024,28.40,Metric Tonnes,4100.88,Rs./Quintal
Maharashtra,Pune,Oil Seeds,Sunflower/Sunflower Seed,22-11-2024,4.20,Metric Tonnes,5000.00,Rs./Quintal
Maharashtra,Pune,Oil Seeds,Soyabean,23-11-2024,0.30,Metric Tonnes,4100.00,Rs./Quintal
Maharashtra,Pune,Oil Seeds,Soyabean,24-11-2024,2.90,Metric Tonnes,4100.00,Rs./Quintal
Maharashtra,Pune,Oil Seeds,Soyabean,25-11-2024,0.40,Metric Tonnes,4200.00,Rs./Quintal
Maharashtra,Pune,Oil Seeds,Groundnut,26-11-2024,0.30,Metric Tonnes,6000.00,Rs./Quintal
Maharashtra,Pune,Oil Seeds,Soyabean,26-11-2024,42.30,Metric Tonnes,4181.67,Rs./Quintal
Maharashtra,Pune,Oil Seeds,Sunflower/Sunflower Seed,26-11-2024,5.00,Metric Tonnes,5500.00,Rs./Quintal
Maharashtra,Pune,Oil Seeds,Groundnut,29-11-2024,0.10,Metric Tonnes,4400.00,Rs./Quintal
Maharashtra,Pune,Oil Seeds,Soyabean,30-11-2024,0.30,Metric Tonnes,4200.00,Rs./Quintal
Maharashtra,Pune,Oil Seeds,Soyabean,01-12-2024,3.40,Metric Tonnes,4300.00,Rs./Quintal
Maharashtra,Pune,Oil Seeds,Soyabean,02-12-2024,1.20,Metric Tonnes,4200.00,Rs./Quintal
Maharashtra,Pune,Oil Seeds,Soyabean,03-12-2024,32.10,Metric Tonnes,4150.00,Rs./Quintal
Maharashtra,Pune,Oil Seeds,Sunflower/Sunflower Seed,03-12-2024,2.40,Metric Tonnes,5500.00,Rs./Quintal
Maharashtra,Pune,Oil Seeds,Groundnut,06-12-2024,0.40,Metric Tonnes,6100.00,Rs./Quintal
Maharashtra,Pune,Oil Seeds,Soyabean,06-12-2024,27.10,Metric Tonnes,4087.00,Rs./Quintal
Maharashtra,Pune,Oil Seeds,Sunflower/Sunflower Seed,06-12-2024,1.80,Metric Tonnes,5500.00,Rs./Quintal
Maharashtra,Pune,Oil Seeds,Groundnut,10-12-2024,0.20,Metric Tonnes,6202.00,Rs./Quintal
Maharashtra,Pune,Oil Seeds,Soyabean,10-12-2024,37.50,Metric Tonnes,4000.00,Rs./Quintal
Maharashtra,Pune,Oil Seeds,Sunflower/Sunflower Seed,10-12-2024,3.70,Metric Tonnes,6251.00,Rs./Quintal
Maharashtra,Pune,Oil Seeds,Groundnut,13-12-2024,0.10,Metric Tonnes,4000.00,Rs./Quintal
Maharashtra,Pune,Oil Seeds,Soyabean,13-12-2024,28.80,Metric Tonnes,4051.00,Rs./Quintal
Maharashtra,Pune,Oil Seeds,Sunflower/Sunflower Seed,13-12-2024,1.90,Metric Tonnes,5500.00,Rs./Quintal
Maharashtra,Pune,Oil Seeds,Groundnut,17-12-2024,0.10,Metric Tonnes,6000.00,Rs./Quintal
Maharashtra,Pune,Oil Seeds,Soyabean,17-12-2024,25.50,Metric Tonnes,4051.00,Rs./Quintal
Maharashtra,Pune,Oil Seeds,Sunflower/Sunflower Seed,17-12-2024,0.40,Metric Tonnes,5000.00,Rs./Quintal
Maharashtra,Pune,Oil Seeds,Soyabean,20-12-2024,23.90,Metric Tonnes,3980.00,Rs./Quintal
Maharashtra,Pune,Oil Seeds,Sunflower/Sunflower Seed,20-12-2024,1.20,Metric Tonnes,5400.00,Rs./Quintal
Maharashtra,Pune,Oil Seeds,Soyabean,22-12-2024,4.00,Metric Tonnes,4000.00,Rs./Quintal
Maharashtra,Pune,Oil Seeds,Soyabean,23-12-2024,3.70,Metric Tonnes,4050.00,Rs./Quintal
Maharashtra,Pune,Oil Seeds,Groundnut,24-12-2024,0.10,Metric Tonnes,5001.00,Rs./Quintal
Maharashtra,Pune,Oil Seeds,Soyabean,24-12-2024,25.80,Metric Tonnes,4068.83,Rs./Quintal
Maharashtra,Pune,Oil Seeds,Sunflower/Sunflower Seed,24-12-2024,3.10,Metric Tonnes,5950.00,Rs./Quintal
Maharashtra,Pune,Oil Seeds,Soyabean,26-12-2024,3.80,Metric Tonnes,4092.11,Rs./Quintal
Maharashtra,Pune,Oil Seeds,Soyabean,27-12-2024,10.20,Metric Tonnes,4117.12,Rs./Quintal
Maharashtra,Pune,Oil Seeds,Sunflower/Sunflower Seed,27-12-2024,1.20,Metric Tonnes,5500.00,Rs./Quintal
Maharashtra,Pune,Oil Seeds,Soyabean,28-12-2024,2.10,Metric Tonnes,4200.00,Rs./Quintal
Maharashtra,Pune,Oil Seeds,Soyabean,29-12-2024,1.80,Metric Tonnes,4100.00,Rs./Quintal
Maharashtra,Pune,Oil Seeds,Soyabean,30-12-2024,5.20,Metric Tonnes,4250.00,Rs./Quintal
Maharashtra,Pune,Oil Seeds,Soyabean,31-12-2024,21.90,Metric Tonnes,4110.09,Rs./Quintal
Maharashtra,Pune,Oil Seeds,Sunflower/Sunflower Seed,31-12-2024,1.50,Metric Tonnes,5000.00,Rs./Quintal
Maharashtra,Pune,Oil Seeds,Soyabean,01-01-2025,4.90,Metric Tonnes,4119.39,Rs./Quintal
Maharashtra,Pune,Oil Seeds,Soyabean,02-01-2025,0.50,Metric Tonnes,4150.00,Rs./Quintal
Maharashtra,Pune,Oil Seeds,Groundnut,03-01-2025,0.10,Metric Tonnes,5500.00,Rs./Quintal
Maharashtra,Pune,Oil Seeds,Soyabean,03-01-2025,34.80,Metric Tonnes,4054.13,Rs./Quintal
Maharashtra,Pune,Oil Seeds,Sunflower/Sunflower Seed,03-01-2025,1.70,Metric Tonnes,6251.00,Rs./Quintal
Maharashtra,Pune,Oil Seeds,Soyabean,04-01-2025,0.20,Metric Tonnes,4150.00,Rs./Quintal
Maharashtra,Pune,Oil Seeds,Soyabean,05-01-2025,2.20,Metric Tonnes,4100.00,Rs./Quintal
Maharashtra,Pune,Oil Seeds,Soyabean,06-01-2025,3.60,Metric Tonnes,4150.00,Rs./Quintal
Maharashtra,Pune,Oil Seeds,Groundnut,07-01-2025,0.10,Metric Tonnes,5701.00,Rs./Quintal
Maharashtra,Pune,Oil Seeds,Soyabean,07-01-2025,40.90,Metric Tonnes,4130.00,Rs./Quintal
Maharashtra,Pune,Oil Seeds,Sunflower/Sunflower Seed,07-01-2025,0.80,Metric Tonnes,6350.00,Rs./Quintal
Maharashtra,Pune,Oil Seeds,Groundnut,10-01-2025,0.10,Metric Tonnes,5000.00,Rs./Quintal
Maharashtra,Pune,Oil Seeds,Soyabean,10-01-2025,34.50,Metric Tonnes,4116.00,Rs./Quintal
Maharashtra,Pune,Oil Seeds,Sunflower/Sunflower Seed,10-01-2025,0.10,Metric Tonnes,5200.00,Rs./Quintal
Maharashtra,Pune,Oil Seeds,Groundnut,14-01-2025,0.10,Metric Tonnes,5000.00,Rs./Quintal
Maharashtra,Pune,Oil Seeds,Soyabean,14-01-2025,7.50,Metric Tonnes,4080.00,Rs./Quintal
Maharashtra,Pune,Oil Seeds,Sunflower/Sunflower Seed,14-01-2025,0.60,Metric Tonnes,6200.00,Rs./Quintal
Maharashtra,Pune,Oil Seeds,Soyabean,18-01-2025,1.30,Metric Tonnes,4100.00,Rs./Quintal
Maharashtra,Pune,Oil Seeds,Soyabean,19-01-2025,0.70,Metric Tonnes,4100.00,Rs./Quintal
Maharashtra,Pune,Oil Seeds,Groundnut,21-01-2025,0.40,Metric Tonnes,5000.00,Rs./Quintal
Maharashtra,Pune,Oil Seeds,Soyabean,21-01-2025,31.10,Metric Tonnes,4100.00,Rs./Quintal
Maharashtra,Pune,Oil Seeds,Sunflower/Sunflower Seed,21-01-2025,3.00,Metric Tonnes,6252.00,Rs./Quintal
Maharashtra,Pune,Oil Seeds,Soyabean,23-01-2025,1.40,Metric Tonnes,4100.00,Rs./Quintal
Maharashtra,Pune,Oil Seeds,Soyabean,24-01-2025,24.70,Metric Tonnes,4075.00,Rs./Quintal
Maharashtra,Pune,Oil Seeds,Sunflower/Sunflower Seed,24-01-2025,0.50,Metric Tonnes,5800.00,Rs./Quintal
Maharashtra,Pune,Oil Seeds,Groundnut,28-01-2025,0.20,Metric Tonnes,4800.00,Rs./Quintal
Maharashtra,Pune,Oil Seeds,Soyabean,28-01-2025,13.30,Metric Tonnes,3961.00,Rs./Quintal
Maharashtra,Pune,Oil Seeds,Sunflower/Sunflower Seed,28-01-2025,2.00,Metric Tonnes,5900.00,Rs./Quintal
Maharashtra,Pune,Oil Seeds,Soyabean,30-01-2025,4.70,Metric Tonnes,4050.00,Rs./Quintal
Maharashtra,Pune,Oil Seeds,Groundnut,31-01-2025,0.40,Metric Tonnes,4301.00,Rs./Quintal
Maharashtra,Pune,Oil Seeds,Soyabean,31-01-2025,10.30,Metric Tonnes,3999.03,Rs./Quintal
Maharashtra,Pune,Oil Seeds,Sunflower/Sunflower Seed,31-01-2025,4.60,Metric Tonnes,5500.00,Rs./Quintal
Maharashtra,Pune,Oil Seeds,Groundnut,04-02-2025,0.10,Metric Tonnes,4900.00,Rs./Quintal
Maharashtra,Pune,Oil Seeds,Soyabean,04-02-2025,21.70,Metric Tonnes,3990.00,Rs./Quintal
Maharashtra,Pune,Oil Seeds,Sunflower/Sunflower Seed,04-02-2025,1.20,Metric Tonnes,6400.00,Rs./Quintal
Maharashtra,Pune,Oil Seeds,Soyabean,18-02-2025,0.60,Metric Tonnes,4050.00,Rs./Quintal
Maharashtra,Pune,Oil Seeds,Groundnut,25-02-2025,0.10,Metric Tonnes,5300.00,Rs./Quintal
Maharashtra,Pune,Oil Seeds,Soyabean,25-02-2025,23.90,Metric Tonnes,3965.00,Rs./Quintal
Maharashtra,Pune,Oil Seeds,Sunflower/Sunflower Seed,25-02-2025,3.20,Metric Tonnes,6100.00,Rs./Quintal
Maharashtra,Pune,Oil Seeds,Soyabean,03-03-2025,0.60,Metric Tonnes,4050.00,Rs./Quintal
Maharashtra,Pune,Oil Seeds,Soyabean,04-03-2025,0.70,Metric Tonnes,4050.00,Rs./Quintal
Maharashtra,Pune,Oil Seeds,Groundnut,11-03-2025,1.00,Metric Tonnes,5310.00,Rs./Quintal
Maharashtra,Pune,Oil Seeds,Soyabean,11-03-2025,16.50,Metric Tonnes,3900.00,Rs./Quintal
Maharashtra,Pune,Oil Seeds,Sunflower/Sunflower Seed,11-03-2025,3.30,Metric Tonnes,5800.00,Rs./Quintal
Maharashtra,Pune,Oil Seeds,Soyabean,17-03-2025,1.90,Metric Tonnes,3950.00,Rs./Quintal
Maharashtra,Pune,Oil Seeds,Groundnut,18-03-2025,0.10,Metric Tonnes,4500.00,Rs./Quintal
Maharashtra,Pune,Oil Seeds,Soyabean,18-03-2025,6.40,Metric Tonnes,3900.00,Rs./Quintal
Maharashtra,Pune,Oil Seeds,Sunflower/Sunflower Seed,18-03-2025,1.10,Metric Tonnes,5700.00,Rs./Quintal
Maharashtra,Pune,Oil Seeds,Soyabean,25-03-2025,22.20,Metric Tonnes,3950.00,Rs./Quintal
Maharashtra,Pune,Oil Seeds,Sunflower/Sunflower Seed,25-03-2025,2.80,Metric Tonnes,5991.00,Rs./Quintal
Maharashtra,Pune,Oil Seeds,Groundnut,08-04-2025,0.20,Metric Tonnes,5500.00,Rs./Quintal
Maharashtra,Pune,Oil Seeds,Soyabean,08-04-2025,23.10,Metric Tonnes,4200.00,Rs./Quintal
Maharashtra,Pune,Oil Seeds,Sunflower/Sunflower Seed,08-04-2025,8.20,Metric Tonnes,6099.00,Rs./Quintal
Maharashtra,Pune,Oil Seeds,Groundnut,13-04-2025,0.40,Metric Tonnes,3900.00,Rs./Quintal
Maharashtra,Pune,Oil Seeds,Soyabean,14-04-2025,0.30,Metric Tonnes,4200.00,Rs./Quintal
Maharashtra,Pune,Oil Seeds,Groundnut,15-04-2025,0.30,Metric Tonnes,4000.00,Rs./Quintal
Maharashtra,Pune,Oil Seeds,Soyabean,15-04-2025,16.40,Metric Tonnes,4375.00,Rs./Quintal
Maharashtra,Pune,Oil Seeds,Sunflower/Sunflower Seed,15-04-2025,14.90,Metric Tonnes,6000.00,Rs./Quintal
Maharashtra,Pune,Oil Seeds,Groundnut,21-04-2025,0.10,Metric Tonnes,5000.00,Rs./Quintal
Maharashtra,Pune,Oil Seeds,Groundnut,22-04-2025,0.40,Metric Tonnes,4650.00,Rs./Quintal
Maharashtra,Pune,Oil Seeds,Soyabean,22-04-2025,8.60,Metric Tonnes,4301.00,Rs./Quintal
Maharashtra,Pune,Oil Seeds,Sunflower/Sunflower Seed,22-04-2025,4.80,Metric Tonnes,6500.00,Rs./Quintal
Maharashtra,Pune,Oil Seeds,Soyabean,26-04-2025,2.10,Metric Tonnes,4000.00,Rs./Quintal
Maharashtra,Pune,Oil Seeds,Soyabean,29-04-2025,14.10,Metric Tonnes,4225.00,Rs./Quintal
Maharashtra,Pune,Oil Seeds,Sunflower/Sunflower Seed,29-04-2025,9.40,Metric Tonnes,6000.00,Rs./Quintal
Maharashtra,Pune,Oil Seeds,Groundnut,04-05-2025,0.50,Metric Tonnes,4500.00,Rs./Quintal
Maharashtra,Pune,Oil Seeds,Soyabean,04-05-2025,0.70,Metric Tonnes,3800.00,Rs./Quintal
Maharashtra,Pune,Oil Seeds,Groundnut,06-05-2025,0.20,Metric Tonnes,4200.00,Rs./Quintal
Maharashtra,Pune,Oil Seeds,Soyabean,06-05-2025,8.80,Metric Tonnes,4251.00,Rs./Quintal
Maharashtra,Pune,Oil Seeds,Sunflower/Sunflower Seed,06-05-2025,18.40,Metric Tonnes,7215.00,Rs./Quintal
Maharashtra,Pune,Oil Seeds,Soyabean,08-05-2025,0.70,Metric Tonnes,4250.00,Rs./Quintal
Maharashtra,Pune,Oil Seeds,Groundnut,11-05-2025,0.10,Metric Tonnes,5000.00,Rs./Quintal
Maharashtra,Pune,Oil Seeds,Soyabean,11-05-2025,1.30,Metric Tonnes,3500.00,Rs./Quintal
Maharashtra,Pune,Oil Seeds,Sunflower/Sunflower Seed,11-05-2025,0.20,Metric Tonnes,6001.00,Rs./Quintal
Maharashtra,Pune,Oil Seeds,Soyabean,19-05-2025,0.20,Metric Tonnes,4250.00,Rs./Quintal
Maharashtra,Pune,Oil Seeds,Groundnut,20-05-2025,0.80,Metric Tonnes,5001.00,Rs./Quintal
Maharashtra,Pune,Oil Seeds,Soyabean,20-05-2025,8.80,Metric Tonnes,4276.00,Rs./Quintal
Maharashtra,Pune,Oil Seeds,Sunflower/Sunflower Seed,20-05-2025,24.20,Metric Tonnes,5900.00,Rs./Quintal
Maharashtra,Pune,Oil Seeds,Soyabean,30-05-2025,0.70,Metric Tonnes,4150.00,Rs./Quintal
Maharashtra,Pune,Oil Seeds,Groundnut,03-06-2025,1.00,Metric Tonnes,5800.00,Rs./Quintal
Maharashtra,Pune,Oil Seeds,Soyabean,03-06-2025,13.50,Metric Tonnes,4169.41,Rs./Quintal
Maharashtra,Pune,Oil Seeds,Sunflower/Sunflower Seed,03-06-2025,19.50,Metric Tonnes,5801.00,Rs./Quintal
Maharashtra,Pune,Oil Seeds,Groundnut,04-06-2025,0.30,Metric Tonnes,3500.00,Rs./Quintal
Maharashtra,Pune,Oil Seeds,Soyabean,07-06-2025,0.40,Metric Tonnes,4100.00,Rs./Quintal
Maharashtra,Pune,Oil Seeds,Groundnut,10-06-2025,1.00,Metric Tonnes,5501.00,Rs./Quintal
Maharashtra,Pune,Oil Seeds,Soyabean,10-06-2025,12.10,Metric Tonnes,4220.00,Rs./Quintal
Maharashtra,Pune,Oil Seeds,Sunflower/Sunflower Seed,10-06-2025,46.80,Metric Tonnes,5400.00,Rs./Quintal
Maharashtra,Pune,Oil Seeds,Soyabean,13-06-2025,2.60,Metric Tonnes,4200.00,Rs./Quintal
Maharashtra,Pune,Oil Seeds,Groundnut,17-06-2025,1.60,Metric Tonnes,5400.00,Rs./Quintal
Maharashtra,Pune,Oil Seeds,Soyabean,17-06-2025,6.00,Metric Tonnes,4232.00,Rs./Quintal
Maharashtra,Pune,Oil Seeds,Sunflower/Sunflower Seed,17-06-2025,12.40,Metric Tonnes,5501.00,Rs./Quintal
Maharashtra,Pune,Oil Seeds,Soyabean,21-06-2025,1.30,Metric Tonnes,4250.00,Rs./Quintal
Maharashtra,Pune,Oil Seeds,Soyabean,22-06-2025,0.10,Metric Tonnes,4300.00,Rs./Quintal
Maharashtra,Pune,Oil Seeds,Groundnut,24-06-2025,1.70,Metric Tonnes,5000.00,Rs./Quintal
Maharashtra,Pune,Oil Seeds,Soyabean,24-06-2025,13.10,Metric Tonnes,4221.00,Rs./Quintal
Maharashtra,Pune,Oil Seeds,Sunflower/Sunflower Seed,24-06-2025,12.20,Metric Tonnes,5681.00,Rs./Quintal
Maharashtra,Pune,Oil Seeds,Groundnut,01-07-2025,3.10,Metric Tonnes,5000.00,Rs./Quintal
Maharashtra,Pune,Oil Seeds,Soyabean,01-07-2025,7.50,Metric Tonnes,4151.00,Rs./Quintal
Maharashtra,Pune,Oil Seeds,Sunflower/Sunflower Seed,01-07-2025,2.70,Metric Tonnes,5640.00,Rs./Quintal
Maharashtra,Pune,Oil Seeds,Groundnut,08-07-2025,2.40,Metric Tonnes,5000.00,Rs./Quintal
Maharashtra,Pune,Oil Seeds,Soyabean,08-07-2025,10.40,Metric Tonnes,4259.42,Rs./Quintal
Maharashtra,Pune,Oil Seeds,Sunflower/Sunflower Seed,08-07-2025,1.50,Metric Tonnes,5451.00,Rs./Quintal
Maharashtra,Pune,Oil Seeds,Groundnut,10-07-2025,0.20,Metric Tonnes,3500.00,Rs./Quintal
Maharashtra,Pune,Oil Seeds,Soyabean,10-07-2025,0.70,Metric Tonnes,4275.00,Rs./Quintal
Maharashtra,Pune,Oil Seeds,Groundnut,11-07-2025,1.10,Metric Tonnes,5000.00,Rs./Quintal
Maharashtra,Pune,Oil Seeds,Soyabean,11-07-2025,1.40,Metric Tonnes,4250.00,Rs./Quintal
Maharashtra,Pune,Oil Seeds,Groundnut,15-07-2025,0.80,Metric Tonnes,5300.00,Rs./Quintal
Maharashtra,Pune,Oil Seeds,Soyabean,15-07-2025,6.40,Metric Tonnes,4280.00,Rs./Quintal
Maharashtra,Pune,Oil Seeds,Sunflower/Sunflower Seed,15-07-2025,0.50,Metric Tonnes,5000.00,Rs./Quintal
Maharashtra,Pune,Oil Seeds,Groundnut,17-07-2025,0.10,Metric Tonnes,4500.00,Rs./Quintal
Maharashtra,Pune,Oil Seeds,Soyabean,17-07-2025,0.10,Metric Tonnes,4100.00,Rs./Quintal
Maharashtra,Pune,Oil Seeds,Groundnut,22-07-2025,1.60,Metric Tonnes,4300.00,Rs./Quintal
Maharashtra,Pune,Oil Seeds,Soyabean,22-07-2025,6.10,Metric Tonnes,4300.00,Rs./Quintal
Maharashtra,Pune,Oil Seeds,Sunflower/Sunflower Seed,22-07-2025,0.70,Metric Tonnes,5650.00,Rs./Quintal
Maharashtra,Pune,Oil Seeds,Soyabean,31-07-2025,0.10,Metric Tonnes,4300.00,Rs./Quintal
Maharashtra,Pune,Oil Seeds,Groundnut,05-08-2025,4.60,Metric Tonnes,4500.00,Rs./Quintal
Maharashtra,Pune,Oil Seeds,Soyabean,05-08-2025,25.60,Metric Tonnes,4636.00,Rs./Quintal
Maharashtra,Pune,Oil Seeds,Sunflower/Sunflower Seed,05-08-2025,0.50,Metric Tonnes,5800.00,Rs./Quintal
Maharashtra,Pune,Oil Seeds,Groundnut,10-08-2025,0.60,Metric Tonnes,4000.00,Rs./Quintal
Maharashtra,Pune,Oil Seeds,Soyabean,10-08-2025,0.20,Metric Tonnes,4250.00,Rs./Quintal
Maharashtra,Pune,Oil Seeds,Groundnut,12-08-2025,7.50,Metric Tonnes,4400.00,Rs./Quintal
Maharashtra,Pune,Oil Seeds,Soyabean,12-08-2025,15.40,Metric Tonnes,4654.00,Rs./Quintal
Maharashtra,Pune,Oil Seeds,Sunflower/Sunflower Seed,12-08-2025,0.80,Metric Tonnes,5600.00,Rs./Quintal
Maharashtra,Pune,Oil Seeds,Groundnut,17-08-2025,0.40,Metric Tonnes,4800.00,Rs./Quintal
Maharashtra,Pune,Oil Seeds,Soyabean,17-08-2025,0.90,Metric Tonnes,4500.00,Rs./Quintal
Maharashtra,Pune,Oil Seeds,Groundnut,20-08-2025,0.70,Metric Tonnes,3650.00,Rs./Quintal
Maharashtra,Pune,Oil Seeds,Soyabean,20-08-2025,3.60,Metric Tonnes,4456.94,Rs./Quintal
Maharashtra,Pune,Oil Seeds,Sunflower/Sunflower Seed,20-08-2025,0.20,Metric Tonnes,5300.00,Rs./Quintal
Maharashtra,Pune,Oil Seeds,Groundnut,26-08-2025,0.60,Metric Tonnes,5151.00,Rs./Quintal
Maharashtra,Pune,Oil Seeds,Soyabean,26-08-2025,13.00,Metric Tonnes,4470.00,Rs./Quintal
Maharashtra,Pune,Oil Seeds,Sunflower/Sunflower Seed,26-08-2025,0.50,Metric Tonnes,5200.00,Rs./Quintal
Maharashtra,Pune,Oil Seeds,Groundnut,31-08-2025,0.20,Metric Tonnes,4000.00,Rs./Quintal
Maharashtra,Pune,Oil Seeds,Soyabean,31-08-2025,0.30,Metric Tonnes,4000.00,Rs./Quintal
Maharashtra,Pune,Oil Seeds,Groundnut,02-09-2025,2.30,Metric Tonnes,5126.09,Rs./Quintal
Maharashtra,Pune,Oil Seeds,Soyabean,02-09-2025,3.60,Metric Tonnes,4450.00,Rs./Quintal
Maharashtra,Pune,Oil Seeds,Sunflower/Sunflower Seed,02-09-2025,0.10,Metric Tonnes,4500.00,Rs./Quintal
Maharashtra,Pune,Oil Seeds,Soyabean,07-09-2025,0.40,Metric Tonnes,4400.00,Rs./Quintal
Maharashtra,Pune,Oil Seeds,Soyabean,09-09-2025,0.20,Metric Tonnes,4250.00,Rs./Quintal
Maharashtra,Pune,Oil Seeds,Groundnut,10-09-2025,0.70,Metric Tonnes,4651.00,Rs./Quintal
Maharashtra,Pune,Oil Seeds,Soyabean,10-09-2025,13.40,Metric Tonnes,4196.69,Rs./Quintal
Maharashtra,Pune,Oil Seeds,Sunflower/Sunflower Seed,10-09-2025,0.60,Metric Tonnes,5500.00,Rs./Quintal
Maharashtra,Pune,Oil Seeds,Groundnut,11-09-2025,0.70,Metric Tonnes,4651.00,Rs./Quintal
Maharashtra,Pune,Oil Seeds,Soyabean,11-09-2025,12.70,Metric Tonnes,4191.00,Rs./Quintal
Maharashtra,Pune,Oil Seeds,Sunflower/Sunflower Seed,11-09-2025,0.60,Metric Tonnes,5500.00,Rs./Quintal
Maharashtra,Pune,Oil Seeds,Groundnut,16-09-2025,1.00,Metric Tonnes,5000.00,Rs./Quintal
Maharashtra,Pune,Oil Seeds,Soyabean,16-09-2025,3.60,Metric Tonnes,4100.00,Rs./Quintal
Maharashtra,Pune,Oil Seeds,Sunflower/Sunflower Seed,16-09-2025,0.90,Metric Tonnes,5801.00,Rs./Quintal
Maharashtra,Pune,Oil Seeds,Soyabean,20-09-2025,2.30,Metric Tonnes,4300.00,Rs./Quintal
Maharashtra,Pune,Oil Seeds,Groundnut,21-09-2025,0.60,Metric Tonnes,4500.00,Rs./Quintal
Maharashtra,Pune,Oil Seeds,Soyabean,21-09-2025,1.60,Metric Tonnes,3950.00,Rs./Quintal
Maharashtra,Pune,Oil Seeds,Sunflower/Sunflower Seed,21-09-2025,1.00,Metric Tonnes,5000.00,Rs./Quintal
Maharashtra,Pune,Oil Seeds,Groundnut,30-09-2025,0.50,Metric Tonnes,4300.00,Rs./Quintal
Maharashtra,Pune,Oil Seeds,Soyabean,30-09-2025,7.70,Metric Tonnes,4261.00,Rs./Quintal
Maharashtra,Pune,Oil Seeds,Sunflower/Sunflower Seed,30-09-2025,8.50,Metric Tonnes,5500.00,Rs./Quintal
Maharashtra,Pune,Oil Seeds,Soyabean,02-10-2025,11.40,Metric Tonnes,4100.00,Rs./Quintal
Maharashtra,Pune,Oil Seeds,Soyabean,03-10-2025,10.10,Metric Tonnes,4000.00,Rs./Quintal
Maharashtra,Pune,Oil Seeds,Soyabean,06-10-2025,12.70,Metric Tonnes,4050.00,Rs./Quintal
Maharashtra,Pune,Oil Seeds,Soyabean,08-10-2025,17.10,Metric Tonnes,3950.00,Rs./Quintal
Maharashtra,Pune,Oil Seeds,Groundnut,10-10-2025,0.40,Metric Tonnes,3500.00,Rs./Quintal
Maharashtra,Pune,Oil Seeds,Soyabean,10-10-2025,52.00,Metric Tonnes,4050.00,Rs./Quintal
Maharashtra,Pune,Oil Seeds,Groundnut,11-10-2025,1.00,Metric Tonnes,4051.00,Rs./Quintal
Maharashtra,Pune,Oil Seeds,Soyabean,11-10-2025,1.90,Metric Tonnes,4000.00,Rs./Quintal
Maharashtra,Pune,Oil Seeds,Soyabean,12-10-2025,79.10,Metric Tonnes,4100.00,Rs./Quintal
Maharashtra,Pune,Oil Seeds,Soyabean,14-10-2025,45.70,Metric Tonnes,3950.00,Rs./Quintal
Maharashtra,Pune,Oil Seeds,Soyabean,16-10-2025,25.60,Metric Tonnes,4000.00,Rs./Quintal
Maharashtra,Pune,Oil Seeds,Soyabean,17-10-2025,17.20,Metric Tonnes,4000.00,Rs./Quintal
Maharashtra,Pune,Oil Seeds,Soyabean,19-10-2025,13.30,Metric Tonnes,4100.00,Rs./Quintal
Maharashtra,Pune,Oil Seeds,Soyabean,28-10-2025,56.20,Metric Tonnes,4170.00,Rs./Quintal
Maharashtra,Pune,Oil Seeds,Sunflower/Sunflower Seed,28-10-2025,8.90,Metric Tonnes,6200.00,Rs./Quintal
Maharashtra,Pune,Oil Seeds,Soyabean,29-10-2025,1.10,Metric Tonnes,4100.00,Rs./Quintal
Maharashtra,Pune,Oil Seeds,Soyabean,30-10-2025,7.40,Metric Tonnes,4250.00,Rs./Quintal
Maharashtra,Pune,Oil Seeds,Groundnut,31-10-2025,0.40,Metric Tonnes,4000.00,Rs./Quintal
Maharashtra,Pune,Oil Seeds,Soyabean,31-10-2025,58.40,Metric Tonnes,4356.61,Rs./Quintal
Maharashtra,Pune,Oil Seeds,Sunflower/Sunflower Seed,31-10-2025,15.40,Metric Tonnes,6000.00,Rs./Quintal
Maharashtra,Pune,Oil Seeds,Soyabean,07-11-2025,47.00,Metric Tonnes,4450.00,Rs./Quintal
Maharashtra,Pune,Oil Seeds,Sunflower/Sunflower Seed,07-11-2025,9.10,Metric Tonnes,6050.00,Rs./Quintal
Maharashtra,Pune,Oil Seeds,Soyabean,10-11-2025,4.30,Metric Tonnes,4400.00,Rs./Quintal
Maharashtra,Pune,Oil Seeds,Soyabean,12-11-2025,0.70,Metric Tonnes,4400.00,Rs./Quintal
Maharashtra,Pune,Oil Seeds,Soyabean,17-11-2025,4.00,Metric Tonnes,4400.00,Rs./Quintal
Maharashtra,Pune,Oil Seeds,Soyabean,21-11-2025,40.00,Metric Tonnes,4451.00,Rs./Quintal
Maharashtra,Pune,Oil Seeds,Sunflower/Sunflower Seed,21-11-2025,4.10,Metric Tonnes,5500.00,Rs./Quintal
Maharashtra,Pune,Oil Seeds,Soyabean,23-11-2025,3.40,Metric Tonnes,4400.00,Rs./Quintal
Maharashtra,Pune,Oil Seeds,Soyabean,28-11-2025,18.00,Metric Tonnes,4420.00,Rs./Quintal
Maharashtra,Pune,Oil Seeds,Sunflower/Sunflower Seed,28-11-2025,0.20,Metric Tonnes,5000.00,Rs./Quintal
Maharashtra,Pune,Oil Seeds,Groundnut,02-12-2025,0.20,Metric Tonnes,4300.00,Rs./Quintal
Maharashtra,Pune,Oil Seeds,Soyabean,02-12-2025,10.50,Metric Tonnes,4435.00,Rs./Quintal
Maharashtra,Pune,Oil Seeds,Sunflower/Sunflower Seed,02-12-2025,3.20,Metric Tonnes,5600.00,Rs./Quintal
Maharashtra,Pune,Oil Seeds,Soyabean,09-12-2025,0.40,Metric Tonnes,4400.00,Rs./Quintal
Maharashtra,Pune,Oil Seeds,Soyabean,10-12-2025,25.60,Metric Tonnes,4430.00,Rs./Quintal
Maharashtra,Pune,Oil Seeds,Sunflower/Sunflower Seed,10-12-2025,8.60,Metric Tonnes,5461.00,Rs./Quintal
Maharashtra,Pune,Oil Seeds,Soyabean,11-12-2025,1.50,Metric Tonnes,4200.00,Rs./Quintal
Maharashtra,Pune,Oil Seeds,Soyabean,12-12-2025,13.60,Metric Tonnes,4400.00,Rs./Quintal
Maharashtra,Pune,Oil Seeds,Sunflower/Sunflower Seed,12-12-2025,0.30,Metric Tonnes,4000.00,Rs./Quintal
Maharashtra,Pune,Oil Seeds,Groundnut,16-12-2025,0.20,Metric Tonnes,4851.00,Rs./Quintal
Maharashtra,Pune,Oil Seeds,Soyabean,16-12-2025,12.20,Metric Tonnes,4400.00,Rs./Quintal
Maharashtra,Pune,Oil Seeds,Sunflower/Sunflower Seed,16-12-2025,0.80,Metric Tonnes,5500.00,Rs./Quintal
Maharashtra,Pune,Oil Seeds,Soyabean,19-12-2025,10.30,Metric Tonnes,4450.00,Rs./Quintal
Maharashtra,Pune,Oil Seeds,Sunflower/Sunflower Seed,19-12-2025,0.40,Metric Tonnes,6100.00,Rs./Quintal
Maharashtra,Pune,Oil Seeds,Soyabean,21-12-2025,1.30,Metric Tonnes,4475.00,Rs./Quintal
Maharashtra,Pune,Oil Seeds,Soyabean,22-12-2025,4.20,Metric Tonnes,4500.00,Rs./Quintal
Maharashtra,Pune,Oil Seeds,Groundnut,23-12-2025,0.50,Metric Tonnes,3700.00,Rs./Quintal
Maharashtra,Pune,Oil Seeds,Soyabean,23-12-2025,18.80,Metric Tonnes,4550.00,Rs./Quintal
Maharashtra,Pune,Oil Seeds,Sunflower/Sunflower Seed,23-12-2025,1.00,Metric Tonnes,6000.00,Rs./Quintal
Maharashtra,Pune,Oil Seeds,Soyabean,24-12-2025,1.70,Metric Tonnes,4550.00,Rs./Quintal
Maharashtra,Pune,Oil Seeds,Soyabean,25-12-2025,1.20,Metric Tonnes,4500.00,Rs./Quintal
Maharashtra,Pune,Oil Seeds,Soyabean,26-12-2025,16.30,Metric Tonnes,4636.67,Rs./Quintal
Maharashtra,Pune,Oil Seeds,Sunflower/Sunflower Seed,26-12-2025,2.40,Metric Tonnes,6351.00,Rs./Quintal
Maharashtra,Pune,Oil Seeds,Soyabean,28-12-2025,4.80,Metric Tonnes,4600.00,Rs./Quintal
Maharashtra,Pune,Oil Seeds,Soyabean,30-12-2025,16.20,Metric Tonnes,4670.83,Rs./Quintal
Maharashtra,Pune,Oil Seeds,Sunflower/Sunflower Seed,30-12-2025,1.50,Metric Tonnes,5600.00,Rs./Quintal
